station,station_name,nominal_time_utc,distance_from_roswell_airport_km,geopotential_height_km,observed_temperature_k,standard_temperature_k,temperature_delta_k,observed_density_kg_m3,standard_density_kg_m3,density_relative_error_pct
72364,Santa Teresa,2012-03-15T12:00:00Z,258.8,10.0,225.34,223.15,2.19,0.4266055,0.4127062,3.37
72364,Santa Teresa,2012-03-15T12:00:00Z,258.8,20.0,202.39,216.65,-14.26,0.0943653,0.0880347,7.19
72364,Santa Teresa,2012-03-15T12:00:00Z,258.8,25.0,218.05,221.65,-3.6,0.0391281,0.0394657,-0.86
72364,Santa Teresa,2012-03-15T12:00:00Z,258.8,27.833,225.68,224.48,1.2,0.0244985,0.0252505,-2.98
72364,Santa Teresa,2012-07-25T12:00:00Z,258.8,10.0,239.91,223.15,16.76,0.4185214,0.4127062,1.41
72364,Santa Teresa,2012-07-25T12:00:00Z,258.8,20.0,209.33,216.65,-7.32,0.0956622,0.0880347,8.66
72364,Santa Teresa,2012-07-25T12:00:00Z,258.8,25.0,219.07,221.65,-2.58,0.0413524,0.0394657,4.78
72364,Santa Teresa,2012-07-25T12:00:00Z,258.8,27.833,222.38,224.48,-2.11,0.026375,0.0252505,4.45
72364,Santa Teresa,2012-10-14T12:00:00Z,258.8,10.0,231.33,223.15,8.18,0.4240341,0.4127062,2.74
72364,Santa Teresa,2012-10-14T12:00:00Z,258.8,20.0,207.71,216.65,-8.94,0.0937422,0.0880347,6.48
72364,Santa Teresa,2012-10-14T12:00:00Z,258.8,25.0,216.64,221.65,-5.01,0.040484,0.0394657,2.58
72364,Santa Teresa,2012-10-15T00:00:00Z,258.8,10.0,234.44,223.15,11.29,0.4201019,0.4127062,1.79
72364,Santa Teresa,2012-10-15T00:00:00Z,258.8,20.0,210.76,216.65,-5.89,0.09226,0.0880347,4.8
72364,Santa Teresa,2012-10-15T00:00:00Z,258.8,25.0,218.95,221.65,-2.7,0.0398805,0.0394657,1.05
72364,Santa Teresa,2012-10-15T00:00:00Z,258.8,27.833,224.12,224.48,-0.36,0.0251782,0.0252505,-0.29
72365,Albuquerque,2012-03-15T12:00:00Z,272.9,10.0,223.14,223.15,-0.01,0.4281666,0.4127062,3.75
72365,Albuquerque,2012-03-15T12:00:00Z,272.9,20.0,206.28,216.65,-10.37,0.0924769,0.0880347,5.05
72365,Albuquerque,2012-03-15T12:00:00Z,272.9,25.0,218.17,221.65,-3.48,0.0392438,0.0394657,-0.56
72365,Albuquerque,2012-03-15T12:00:00Z,272.9,27.833,222.11,224.48,-2.37,0.0247959,0.0252505,-1.8
72365,Albuquerque,2012-07-25T12:00:00Z,272.9,10.0,239.23,223.15,16.08,0.4191876,0.4127062,1.57
72365,Albuquerque,2012-07-25T12:00:00Z,272.9,20.0,210.91,216.65,-5.74,0.0954006,0.0880347,8.37
72365,Albuquerque,2012-07-25T12:00:00Z,272.9,25.0,221.75,221.65,0.1,0.0411855,0.0394657,4.36
72365,Albuquerque,2012-10-14T12:00:00Z,272.9,10.0,229.72,223.15,6.57,0.4236769,0.4127062,2.66
72365,Albuquerque,2012-10-14T12:00:00Z,272.9,20.0,209.37,216.65,-7.28,0.0931062,0.0880347,5.76
72365,Albuquerque,2012-10-14T12:00:00Z,272.9,25.0,217.45,221.65,-4.2,0.0403348,0.0394657,2.2
72365,Albuquerque,2012-10-14T12:00:00Z,272.9,27.833,222.32,224.48,-2.16,0.0253274,0.0252505,0.3
72365,Albuquerque,2012-10-15T00:00:00Z,272.9,10.0,230.19,223.15,7.04,0.4247918,0.4127062,2.93
72365,Albuquerque,2012-10-15T00:00:00Z,272.9,20.0,210.69,216.65,-5.96,0.0923123,0.0880347,4.86
72365,Albuquerque,2012-10-15T00:00:00Z,272.9,25.0,217.34,221.65,-4.31,0.0401975,0.0394657,1.85
72365,Albuquerque,2012-10-15T00:00:00Z,272.9,27.833,222.49,224.48,-2.0,0.0253288,0.0252505,0.31
