pixel_x,pixel_y,height_m,speed_mps,height_reading_halfwidth_m,speed_reading_halfwidth_mps
100,833.5,38736.66091725402,66.51216685979142,47.02188812387281,1.3904982618771726
104,815.0,38673.96506642219,75.08690614136732,47.02188812387281,1.3904982618771726
108,798.5,38611.269215590364,82.73464658169178,47.02188812387281,1.3904982618771726
112,782.5,38548.57336475853,90.15063731170336,47.02188812387281,1.3904982618771726
116,768.0,38485.8775139267,96.87137891077636,47.02188812387281,1.3904982618771726
120,754.5,38423.181663094874,103.12862108922364,47.02188812387281,1.3904982618771726
124,742.5,38360.48581226304,108.69061413673234,47.02188812387281,1.3904982618771726
128,730.5,38297.789961431205,114.25260718424101,47.02188812387281,1.3904982618771726
132,720.0,38235.09411059938,119.11935110081113,47.02188812387281,1.3904982618771726
136,709.5,38172.39825976755,123.98609501738123,47.02188812387281,1.3904982618771726
140,700.0,38109.702408935715,128.3893395133256,47.02188812387281,1.3904982618771726
144,689.0,38047.00655810389,133.48783314020858,47.02188812387281,1.3904982618771726
148,679.5,37984.31070727206,137.89107763615294,47.02188812387281,1.3904982618771726
152,670.5,37921.61485644023,142.06257242178447,47.02188812387281,1.3904982618771726
156,661.5,37858.9190056084,146.234067207416,47.02188812387281,1.3904982618771726
160,653.0,37796.22315477656,150.17381228273464,47.02188812387281,1.3904982618771726
164,644.0,37733.527303944735,154.34530706836617,47.02188812387281,1.3904982618771726
168,635.5,37670.8314531129,158.28505214368482,47.02188812387281,1.3904982618771726
172,627.5,37608.13560228107,161.9930475086906,47.02188812387281,1.3904982618771726
176,619.5,37545.439751449245,165.7010428736964,47.02188812387281,1.3904982618771726
180,612.0,37482.74390061742,169.17728852838934,47.02188812387281,1.3904982618771726
184,604.5,37420.04804978558,172.65353418308226,47.02188812387281,1.3904982618771726
188,596.0,37357.352198953755,176.59327925840094,47.02188812387281,1.3904982618771726
192,589.0,37294.65634812192,179.837775202781,47.02188812387281,1.3904982618771726
196,580.5,37231.96049729009,183.77752027809964,47.02188812387281,1.3904982618771726
200,575.0,37169.26464645826,186.32676709154114,47.02188812387281,1.3904982618771726
204,568.5,37106.56879562643,189.33951332560835,47.02188812387281,1.3904982618771726
208,561.5,37043.8729447946,192.5840092699884,47.02188812387281,1.3904982618771726
212,555.0,36981.17709396277,195.5967555040556,47.02188812387281,1.3904982618771726
216,549.0,36918.48124313094,198.37775202780998,47.02188812387281,1.3904982618771726
220,542.0,36855.78539229911,201.62224797219002,47.02188812387281,1.3904982618771726
224,535.5,36793.089541467285,204.63499420625723,47.02188812387281,1.3904982618771726
228,529.5,36730.39369063544,207.4159907300116,47.02188812387281,1.3904982618771726
232,522.5,36667.697839803615,210.66048667439165,47.02188812387281,1.3904982618771726
236,516.0,36605.00198897179,213.67323290845886,47.02188812387281,1.3904982618771726
240,510.5,36542.30613813995,216.22247972190036,47.02188812387281,1.3904982618771726
244,506.0,36479.610287308125,218.30822711471612,47.02188812387281,1.3904982618771726
248,501.0,36416.9144364763,220.62572421784472,47.02188812387281,1.3904982618771726
252,497.0,36354.21858564447,222.4797219003476,47.02188812387281,1.3904982618771726
256,493.5,36291.522734812635,224.10196987253767,47.02188812387281,1.3904982618771726
260,490.5,36228.8268839808,225.49246813441482,47.02188812387281,1.3904982618771726
264,487.0,36166.13103314897,227.11471610660487,47.02188812387281,1.3904982618771726
268,482.5,36103.435182317146,229.20046349942064,47.02188812387281,1.3904982618771726
272,476.5,36040.73933148531,231.98146002317498,47.02188812387281,1.3904982618771726
276,471.5,35978.04348065348,234.2989571263036,47.02188812387281,1.3904982618771726
280,467.0,35915.347629821656,236.38470451911934,47.02188812387281,1.3904982618771726
284,464.5,35852.65177898982,237.54345307068365,47.02188812387281,1.3904982618771726
288,454.5,35789.95592815799,242.17844727694091,47.02188812387281,1.3904982618771726
292,453.0,35727.260077326166,242.8736964078795,47.02188812387281,1.3904982618771726
296,448.5,35664.56422649434,244.95944380069525,47.02188812387281,1.3904982618771726
300,443.5,35601.868375662496,247.27694090382386,47.02188812387281,1.3904982618771726
304,439.5,35539.17252483067,249.13093858632678,47.02188812387281,1.3904982618771726
308,434.0,35476.47667399884,251.68018539976825,47.02188812387281,1.3904982618771726
312,429.5,35413.780823167006,253.765932792584,47.02188812387281,1.3904982618771726
316,425.5,35351.08497233518,255.6199304750869,47.02188812387281,1.3904982618771726
320,421.0,35288.38912150335,257.7056778679027,47.02188812387281,1.3904982618771726
324,417.0,35225.69327067152,259.5596755504056,47.02188812387281,1.3904982618771726
328,412.5,35162.99741983968,261.6454229432213,47.02188812387281,1.3904982618771726
332,407.5,35100.301569007854,263.96292004634995,47.02188812387281,1.3904982618771726
336,402.0,35037.605718176026,266.5121668597914,47.02188812387281,1.3904982618771726
340,396.5,34974.90986734419,269.0614136732329,47.02188812387281,1.3904982618771726
344,392.5,34912.214016512364,270.9154113557358,47.02188812387281,1.3904982618771726
348,389.5,34849.518165680536,272.305909617613,47.02188812387281,1.3904982618771726
352,386.5,34786.82231484871,273.69640787949015,47.02188812387281,1.3904982618771726
356,383.5,34724.126464016874,275.0869061413673,47.02188812387281,1.3904982618771726
360,380.5,34661.430613185046,276.4774044032445,47.02188812387281,1.3904982618771726
364,377.0,34598.73476235322,278.0996523754345,47.02188812387281,1.3904982618771726
368,373.0,34536.038911521384,279.9536500579374,47.02188812387281,1.3904982618771726
372,369.0,34473.34306068955,281.8076477404403,47.02188812387281,1.3904982618771726
376,364.0,34410.64720985772,284.12514484356893,47.02188812387281,1.3904982618771726
380,360.0,34347.951359025894,285.9791425260718,47.02188812387281,1.3904982618771726
384,356.0,34285.25550819406,287.8331402085747,47.02188812387281,1.3904982618771726
388,352.5,34222.55965736223,289.45538818076477,47.02188812387281,1.3904982618771726
392,348.5,34159.863806530404,291.30938586326766,47.02188812387281,1.3904982618771726
396,345.0,34097.16795569858,292.9316338354577,47.02188812387281,1.3904982618771726
400,340.5,34034.472104866734,295.01738122827345,47.02188812387281,1.3904982618771726
404,335.5,33971.77625403491,297.3348783314021,47.02188812387281,1.3904982618771726
408,330.5,33909.08040320308,299.6523754345307,47.02188812387281,1.3904982618771726
412,325.5,33846.384552371244,301.96987253765934,47.02188812387281,1.3904982618771726
416,320.5,33783.68870153942,304.287369640788,47.02188812387281,1.3904982618771726
420,316.0,33720.99285070759,306.3731170336037,47.02188812387281,1.3904982618771726
424,313.0,33658.29699987576,307.76361529548086,47.02188812387281,1.3904982618771726
428,311.0,33595.60114904393,308.69061413673234,47.02188812387281,1.3904982618771726
432,308.0,33532.9052982121,310.0811123986095,47.02188812387281,1.3904982618771726
436,306.0,33470.20944738027,311.00811123986097,47.02188812387281,1.3904982618771726
440,304.0,33407.51359654844,311.9351100811124,47.02188812387281,1.3904982618771726
444,302.5,33344.8177457166,312.63035921205096,47.02188812387281,1.3904982618771726
448,301.0,33282.121894884775,313.3256083429896,47.02188812387281,1.3904982618771726
452,299.5,33219.42604405295,314.0208574739282,47.02188812387281,1.3904982618771726
456,298.5,33156.73019322111,314.48435689455385,47.02188812387281,1.3904982618771726
460,297.0,33094.034342389285,315.1796060254925,47.02188812387281,1.3904982618771726
464,294.5,33031.33849155746,316.3383545770568,47.02188812387281,1.3904982618771726
468,291.5,32968.64264072562,317.72885283893396,47.02188812387281,1.3904982618771726
472,288.5,32905.94678989379,319.1193511008111,47.02188812387281,1.3904982618771726
476,284.5,32843.25093906196,320.973348783314,47.02188812387281,1.3904982618771726
480,281.0,32780.55508823013,322.59559675550406,47.02188812387281,1.3904982618771726
484,276.0,32717.8592373983,324.9130938586327,47.02188812387281,1.3904982618771726
488,271.5,32655.16338656647,326.9988412514484,47.02188812387281,1.3904982618771726
492,266.5,32592.467535734642,329.31633835457706,47.02188812387281,1.3904982618771726
496,262.0,32529.77168490281,331.4020857473928,47.02188812387281,1.3904982618771726
500,258.0,32467.075834070984,333.25608342989574,47.02188812387281,1.3904982618771726
504,257.5,32404.379983239152,333.4878331402086,47.02188812387281,1.3904982618771726
508,256.5,32341.684132407318,333.9513325608343,47.02188812387281,1.3904982618771726
512,255.5,32278.988281575486,334.41483198146,47.02188812387281,1.3904982618771726
516,254.5,32216.292430743655,334.87833140208573,47.02188812387281,1.3904982618771726
520,254.0,32153.596579911828,335.11008111239863,47.02188812387281,1.3904982618771726
524,252.5,32090.900729079996,335.8053302433372,47.02188812387281,1.3904982618771726
528,251.0,32028.20487824817,336.5005793742758,47.02188812387281,1.3904982618771726
532,249.5,31965.509027416338,337.19582850521437,47.02188812387281,1.3904982618771726
536,248.0,31902.813176584506,337.89107763615294,47.02188812387281,1.3904982618771726
540,246.0,31840.117325752675,338.8180764774044,47.02188812387281,1.3904982618771726
544,244.0,31777.421474920844,339.74507531865584,47.02188812387281,1.3904982618771726
548,240.5,31714.725624089013,341.3673232908459,47.02188812387281,1.3904982618771726
552,236.5,31652.02977325718,343.2213209733488,47.02188812387281,1.3904982618771726
556,233.0,31589.333922425354,344.84356894553883,47.02188812387281,1.3904982618771726
560,230.5,31526.638071593523,346.00231749710315,47.02188812387281,1.3904982618771726
564,228.5,31463.942220761695,346.92931633835457,47.02188812387281,1.3904982618771726
568,223.5,31401.246369929864,349.2468134414832,47.02188812387281,1.3904982618771726
572,220.0,31338.550519098033,350.86906141367325,47.02188812387281,1.3904982618771726
576,219.0,31275.8546682662,351.33256083429893,47.02188812387281,1.3904982618771726
580,218.5,31213.15881743437,351.5643105446118,47.02188812387281,1.3904982618771726
584,217.5,31150.46296660254,352.02780996523757,47.02188812387281,1.3904982618771726
588,217.0,31087.76711577071,352.2595596755504,47.02188812387281,1.3904982618771726
592,215.5,31025.07126493888,352.954808806489,47.02188812387281,1.3904982618771726
596,214.0,30962.37541410705,353.65005793742756,47.02188812387281,1.3904982618771726
600,212.5,30899.679563275222,354.34530706836614,47.02188812387281,1.3904982618771726
604,211.0,30836.983712443387,355.0405561993048,47.02188812387281,1.3904982618771726
608,209.5,30774.28786161156,355.73580533024335,47.02188812387281,1.3904982618771726
612,208.0,30711.592010779725,356.43105446118193,47.02188812387281,1.3904982618771726
616,207.0,30648.896159947897,356.89455388180767,47.02188812387281,1.3904982618771726
620,206.0,30586.200309116066,357.35805330243335,47.02188812387281,1.3904982618771726
624,205.0,30523.504458284235,357.8215527230591,47.02188812387281,1.3904982618771726
628,204.0,30460.808607452407,358.2850521436848,47.02188812387281,1.3904982618771726
632,203.0,30398.112756620576,358.74855156431056,47.02188812387281,1.3904982618771726
636,202.0,30335.41690578875,359.21205098493624,47.02188812387281,1.3904982618771726
640,200.5,30272.721054956914,359.9073001158749,47.02188812387281,1.3904982618771726
644,199.5,30210.025204125086,360.37079953650056,47.02188812387281,1.3904982618771726
648,198.5,30147.32935329325,360.8342989571263,47.02188812387281,1.3904982618771726
652,197.5,30084.633502461424,361.29779837775203,47.02188812387281,1.3904982618771726
656,196.5,30021.937651629592,361.76129779837777,47.02188812387281,1.3904982618771726
660,196.5,29959.24180079776,361.76129779837777,47.02188812387281,1.3904982618771726
664,197.5,29896.545949965934,361.29779837775203,47.02188812387281,1.3904982618771726
668,198.5,29833.850099134102,360.8342989571263,47.02188812387281,1.3904982618771726
672,199.0,29771.154248302275,360.60254924681345,47.02188812387281,1.3904982618771726
676,200.0,29708.45839747044,360.1390498261877,47.02188812387281,1.3904982618771726
680,200.0,29645.762546638613,360.1390498261877,47.02188812387281,1.3904982618771726
684,198.0,29583.066695806778,361.0660486674392,47.02188812387281,1.3904982618771726
688,196.0,29520.37084497495,361.9930475086906,47.02188812387281,1.3904982618771726
692,194.0,29457.67499414312,362.9200463499421,47.02188812387281,1.3904982618771726
696,192.0,29394.979143311288,363.8470451911935,47.02188812387281,1.3904982618771726
700,190.5,29332.28329247946,364.5422943221321,47.02188812387281,1.3904982618771726
704,189.5,29269.58744164763,365.0057937427578,47.02188812387281,1.3904982618771726
708,188.5,29206.891590815798,365.46929316338355,47.02188812387281,1.3904982618771726
712,188.0,29144.195739983967,365.7010428736964,47.02188812387281,1.3904982618771726
716,187.0,29081.499889152135,366.16454229432213,47.02188812387281,1.3904982618771726
720,186.0,29018.804038320304,366.62804171494787,47.02188812387281,1.3904982618771726
724,185.5,28956.108187488477,366.8597914252607,47.02188812387281,1.3904982618771726
728,184.0,28893.412336656645,367.5550405561993,47.02188812387281,1.3904982618771726
732,183.0,28830.716485824814,368.018539976825,47.02188812387281,1.3904982618771726
736,181.0,28768.020634992987,368.9455388180765,47.02188812387281,1.3904982618771726
740,179.5,28705.324784161156,369.6407879490151,47.02188812387281,1.3904982618771726
744,178.0,28642.628933329324,370.33603707995366,47.02188812387281,1.3904982618771726
748,176.5,28579.933082497493,371.03128621089223,47.02188812387281,1.3904982618771726
752,175.5,28517.237231665662,371.49478563151797,47.02188812387281,1.3904982618771726
756,174.5,28454.54138083383,371.9582850521437,47.02188812387281,1.3904982618771726
760,173.5,28391.845530002,372.4217844727694,47.02188812387281,1.3904982618771726
764,172.5,28329.149679170172,372.8852838933951,47.02188812387281,1.3904982618771726
768,172.0,28266.45382833834,373.117033603708,47.02188812387281,1.3904982618771726
772,171.0,28203.757977506513,373.5805330243337,47.02188812387281,1.3904982618771726
776,169.0,28141.062126674682,374.5075318655852,47.02188812387281,1.3904982618771726
780,167.5,28078.36627584285,375.20278099652376,47.02188812387281,1.3904982618771726
784,165.5,28015.67042501102,376.1297798377752,47.02188812387281,1.3904982618771726
788,163.5,27952.97457417919,377.05677867902665,47.02188812387281,1.3904982618771726
792,162.0,27890.278723347357,377.7520278099652,47.02188812387281,1.3904982618771726
796,161.0,27827.582872515526,378.21552723059096,47.02188812387281,1.3904982618771726
800,163.0,27764.8870216837,377.2885283893395,47.02188812387281,1.3904982618771726
804,166.0,27702.191170851867,375.89803012746233,47.02188812387281,1.3904982618771726
808,168.0,27639.49532002004,374.9710312862109,47.02188812387281,1.3904982618771726
812,171.0,27576.799469188205,373.5805330243337,47.02188812387281,1.3904982618771726
816,173.0,27514.103618356377,372.6535341830823,47.02188812387281,1.3904982618771726
820,175.0,27451.407767524546,371.7265353418308,47.02188812387281,1.3904982618771726
824,175.0,27388.711916692715,371.7265353418308,47.02188812387281,1.3904982618771726
828,174.5,27326.016065860884,371.9582850521437,47.02188812387281,1.3904982618771726
832,173.5,27263.320215029053,372.4217844727694,47.02188812387281,1.3904982618771726
836,173.0,27200.624364197225,372.6535341830823,47.02188812387281,1.3904982618771726
840,172.5,27137.928513365394,372.8852838933951,47.02188812387281,1.3904982618771726
844,172.5,27075.232662533566,372.8852838933951,47.02188812387281,1.3904982618771726
848,174.0,27012.53681170173,372.19003476245655,47.02188812387281,1.3904982618771726
852,176.0,26949.840960869904,371.2630359212051,47.02188812387281,1.3904982618771726
856,178.0,26887.14511003807,370.33603707995366,47.02188812387281,1.3904982618771726
860,180.5,26824.44925920624,369.17728852838934,47.02188812387281,1.3904982618771726
864,182.0,26761.75340837441,368.48203939745076,47.02188812387281,1.3904982618771726
868,183.5,26699.05755754258,367.7867902665122,47.02188812387281,1.3904982618771726
872,185.0,26636.36170671075,367.0915411355736,47.02188812387281,1.3904982618771726
876,186.0,26573.66585587892,366.62804171494787,47.02188812387281,1.3904982618771726
880,187.0,26510.970005047093,366.16454229432213,47.02188812387281,1.3904982618771726
884,188.0,26448.274154215258,365.7010428736964,47.02188812387281,1.3904982618771726
888,189.0,26385.57830338343,365.23754345307066,47.02188812387281,1.3904982618771726
892,189.5,26322.882452551596,365.0057937427578,47.02188812387281,1.3904982618771726
896,189.5,26260.186601719768,365.0057937427578,47.02188812387281,1.3904982618771726
900,189.5,26197.490750887937,365.0057937427578,47.02188812387281,1.3904982618771726
904,189.5,26134.794900056106,365.0057937427578,47.02188812387281,1.3904982618771726
908,189.5,26072.099049224278,365.0057937427578,47.02188812387281,1.3904982618771726
912,189.5,26009.403198392447,365.0057937427578,47.02188812387281,1.3904982618771726
916,189.5,25946.707347560616,365.0057937427578,47.02188812387281,1.3904982618771726
920,189.5,25884.011496728785,365.0057937427578,47.02188812387281,1.3904982618771726
924,189.5,25821.315645896957,365.0057937427578,47.02188812387281,1.3904982618771726
928,189.5,25758.619795065122,365.0057937427578,47.02188812387281,1.3904982618771726
932,189.5,25695.923944233295,365.0057937427578,47.02188812387281,1.3904982618771726
936,189.5,25633.228093401463,365.0057937427578,47.02188812387281,1.3904982618771726
940,190.0,25570.532242569632,364.774044032445,47.02188812387281,1.3904982618771726
944,192.0,25507.836391737805,363.8470451911935,47.02188812387281,1.3904982618771726
948,194.5,25445.140540905973,362.6882966396292,47.02188812387281,1.3904982618771726
952,197.0,25382.444690074142,361.52954808806487,47.02188812387281,1.3904982618771726
956,199.0,25319.74883924231,360.60254924681345,47.02188812387281,1.3904982618771726
960,201.0,25257.05298841048,359.675550405562,47.02188812387281,1.3904982618771726
964,203.5,25194.35713757865,358.51680185399766,47.02188812387281,1.3904982618771726
968,206.0,25131.66128674682,357.35805330243335,47.02188812387281,1.3904982618771726
972,208.5,25068.96543591499,356.1993047508691,47.02188812387281,1.3904982618771726
976,211.0,25006.26958508316,355.0405561993048,47.02188812387281,1.3904982618771726
980,213.5,24943.57373425133,353.88180764774046,47.02188812387281,1.3904982618771726
984,216.0,24880.8778834195,352.72305909617614,47.02188812387281,1.3904982618771726
988,218.5,24818.18203258767,351.5643105446118,47.02188812387281,1.3904982618771726
992,221.0,24755.486181755838,350.4055619930475,47.02188812387281,1.3904982618771726
996,224.0,24692.790330924006,349.01506373117036,47.02188812387281,1.3904982618771726
1000,226.0,24630.094480092175,348.0880648899189,47.02188812387281,1.3904982618771726
1004,229.5,24567.398629260348,346.46581691772883,47.02188812387281,1.3904982618771726
1008,233.0,24504.702778428516,344.84356894553883,47.02188812387281,1.3904982618771726
1012,237.0,24442.006927596685,342.98957126303594,47.02188812387281,1.3904982618771726
1016,241.0,24379.311076764858,341.13557358053305,47.02188812387281,1.3904982618771726
1020,246.0,24316.615225933023,338.8180764774044,47.02188812387281,1.3904982618771726
1024,250.0,24253.919375101195,336.9640787949015,47.02188812387281,1.3904982618771726
1028,254.5,24191.223524269364,334.87833140208573,47.02188812387281,1.3904982618771726
1032,259.5,24128.527673437537,332.5608342989571,47.02188812387281,1.3904982618771726
1036,264.0,24065.8318226057,330.47508690614137,47.02188812387281,1.3904982618771726
1040,269.0,24003.135971773874,328.15758980301274,47.02188812387281,1.3904982618771726
1044,274.0,23940.440120942043,325.8400926998841,47.02188812387281,1.3904982618771726
1048,279.0,23877.74427011021,323.5225955967555,47.02188812387281,1.3904982618771726
1052,284.0,23815.04841927838,321.2050984936269,47.02188812387281,1.3904982618771726
1056,288.0,23752.35256844655,319.351100811124,47.02188812387281,1.3904982618771726
1060,292.0,23689.656717614722,317.49710312862106,47.02188812387281,1.3904982618771726
1064,297.0,23626.96086678289,315.1796060254925,47.02188812387281,1.3904982618771726
1068,301.5,23564.26501595106,313.0938586326767,47.02188812387281,1.3904982618771726
1072,307.0,23501.56916511923,310.54461181923523,47.02188812387281,1.3904982618771726
1076,313.0,23438.873314287397,307.76361529548086,47.02188812387281,1.3904982618771726
1080,319.5,23376.17746345557,304.75086906141365,47.02188812387281,1.3904982618771726
1084,326.0,23313.48161262374,301.73812282734644,47.02188812387281,1.3904982618771726
1088,330.5,23250.785761791907,299.6523754345307,47.02188812387281,1.3904982618771726
1092,332.5,23188.089910960076,298.72537659327924,47.02188812387281,1.3904982618771726
1096,332.5,23125.39406012825,298.72537659327924,47.02188812387281,1.3904982618771726
1100,332.5,23062.698209296417,298.72537659327924,47.02188812387281,1.3904982618771726
1104,332.5,23000.002358464586,298.72537659327924,47.02188812387281,1.3904982618771726
1108,336.0,22937.306507632755,297.10312862108924,47.02188812387281,1.3904982618771726
1112,342.5,22874.610656800924,294.09038238702203,47.02188812387281,1.3904982618771726
1116,349.5,22811.914805969096,290.8458864426419,47.02188812387281,1.3904982618771726
1120,355.5,22749.21895513726,288.0648899188876,47.02188812387281,1.3904982618771726
1124,362.0,22686.523104305434,285.0521436848204,47.02188812387281,1.3904982618771726
1128,366.5,22623.827253473602,282.9663962920046,47.02188812387281,1.3904982618771726
1132,370.0,22561.131402641775,281.3441483198146,47.02188812387281,1.3904982618771726
1136,373.5,22498.435551809944,279.72190034762457,47.02188812387281,1.3904982618771726
1140,376.5,22435.739700978113,278.3314020857474,47.02188812387281,1.3904982618771726
1144,380.0,22373.04385014628,276.70915411355736,47.02188812387281,1.3904982618771726
1148,382.0,22310.34799931445,275.7821552723059,47.02188812387281,1.3904982618771726
1152,384.0,22247.652148482623,274.85515643105447,47.02188812387281,1.3904982618771726
1156,386.0,22184.956297650788,273.928157589803,47.02188812387281,1.3904982618771726
1160,388.0,22122.26044681896,273.0011587485516,47.02188812387281,1.3904982618771726
1164,391.0,22059.56459598713,271.6106604866744,47.02188812387281,1.3904982618771726
1168,393.5,21996.8687451553,270.4519119351101,47.02188812387281,1.3904982618771726
1172,396.5,21934.172894323467,269.0614136732329,47.02188812387281,1.3904982618771726
1176,399.5,21871.47704349164,267.67091541135574,47.02188812387281,1.3904982618771726
1180,401.5,21808.781192659808,266.74391657010426,47.02188812387281,1.3904982618771726
1184,403.0,21746.085341827977,266.0486674391657,47.02188812387281,1.3904982618771726
1188,404.5,21683.38949099615,265.3534183082271,47.02188812387281,1.3904982618771726
1192,406.0,21620.693640164314,264.6581691772885,47.02188812387281,1.3904982618771726
1196,408.0,21557.997789332487,263.73117033603705,47.02188812387281,1.3904982618771726
1200,411.5,21495.301938500656,262.10892236384706,47.02188812387281,1.3904982618771726
1204,415.5,21432.606087668828,260.25492468134416,47.02188812387281,1.3904982618771726
1208,419.0,21369.910236836993,258.6326767091541,47.02188812387281,1.3904982618771726
1212,421.0,21307.214386005166,257.7056778679027,47.02188812387281,1.3904982618771726
1216,424.0,21244.518535173334,256.3151796060255,47.02188812387281,1.3904982618771726
1220,437.5,21181.822684341503,250.05793742757822,47.02188812387281,1.3904982618771726
1224,442.5,21119.126833509672,247.7404403244496,47.02188812387281,1.3904982618771726
1228,448.0,21056.43098267784,245.19119351100812,47.02188812387281,1.3904982618771726
1232,453.0,20993.735131846013,242.8736964078795,47.02188812387281,1.3904982618771726
1236,458.0,20931.039281014182,240.55619930475086,47.02188812387281,1.3904982618771726
1240,462.0,20868.343430182354,238.70220162224797,47.02188812387281,1.3904982618771726
1244,466.0,20805.64757935052,236.84820393974508,47.02188812387281,1.3904982618771726
1248,468.0,20742.951728518692,235.92120509849363,47.02188812387281,1.3904982618771726
1252,469.5,20680.25587768686,235.22595596755505,47.02188812387281,1.3904982618771726
1256,471.0,20617.56002685503,234.53070683661645,47.02188812387281,1.3904982618771726
1260,473.0,20554.8641760232,233.603707995365,47.02188812387281,1.3904982618771726
1264,476.0,20492.168325191367,232.21320973348784,47.02188812387281,1.3904982618771726
1268,479.0,20429.47247435954,230.82271147161066,47.02188812387281,1.3904982618771726
1272,481.0,20366.77662352771,229.8957126303592,47.02188812387281,1.3904982618771726
1276,483.0,20304.080772695877,228.96871378910777,47.02188812387281,1.3904982618771726
1280,485.0,20241.384921864046,228.04171494785632,47.02188812387281,1.3904982618771726
1284,486.0,20178.68907103222,227.57821552723058,47.02188812387281,1.3904982618771726
1288,488.0,20115.993220200387,226.65121668597914,47.02188812387281,1.3904982618771726
1292,489.5,20053.297369368556,225.95596755504056,47.02188812387281,1.3904982618771726
1296,490.5,19990.601518536725,225.49246813441482,47.02188812387281,1.3904982618771726
1300,492.0,19927.905667704894,224.79721900347624,47.02188812387281,1.3904982618771726
1304,494.5,19865.209816873066,223.63847045191193,47.02188812387281,1.3904982618771726
1308,498.5,19802.513966041235,221.78447276940904,47.02188812387281,1.3904982618771726
1312,503.0,19739.818115209404,219.69872537659327,47.02188812387281,1.3904982618771726
1316,506.5,19677.122264377573,218.07647740440325,47.02188812387281,1.3904982618771726
1320,509.0,19614.42641354574,216.91772885283893,47.02188812387281,1.3904982618771726
1324,511.0,19551.730562713914,215.9907300115875,47.02188812387281,1.3904982618771726
1328,513.5,19489.03471188208,214.83198146002317,47.02188812387281,1.3904982618771726
1332,519.0,19426.33886105025,212.2827346465817,47.02188812387281,1.3904982618771726
1336,525.0,19363.64301021842,209.50173812282733,47.02188812387281,1.3904982618771726
1340,531.0,19300.947159386593,206.720741599073,47.02188812387281,1.3904982618771726
1344,535.5,19238.25130855476,204.63499420625723,47.02188812387281,1.3904982618771726
1348,537.5,19175.55545772293,203.7079953650058,47.02188812387281,1.3904982618771726
1352,539.5,19112.8596068911,202.78099652375434,47.02188812387281,1.3904982618771726
1356,541.5,19050.163756059268,201.8539976825029,47.02188812387281,1.3904982618771726
1364,550.5,18924.772054395606,197.68250289687137,47.02188812387281,1.3904982618771726
1368,553.5,18862.076203563778,196.2920046349942,47.02188812387281,1.3904982618771726
1372,556.0,18799.380352731947,195.1332560834299,47.02188812387281,1.3904982618771726
1376,558.0,18736.68450190012,194.20625724217845,47.02188812387281,1.3904982618771726
1380,560.0,18673.988651068285,193.279258400927,47.02188812387281,1.3904982618771726
1384,562.5,18611.292800236457,192.1205098493627,47.02188812387281,1.3904982618771726
1388,565.5,18548.596949404626,190.7300115874855,47.02188812387281,1.3904982618771726
1392,568.0,18485.901098572795,189.5712630359212,47.02188812387281,1.3904982618771726
1396,570.5,18423.205247740967,188.4125144843569,47.02188812387281,1.3904982618771726
1400,573.0,18360.509396909132,187.2537659327926,47.02188812387281,1.3904982618771726
1404,575.0,18297.813546077305,186.32676709154114,47.02188812387281,1.3904982618771726
1408,577.0,18235.117695245473,185.3997682502897,47.02188812387281,1.3904982618771726
1412,579.0,18172.421844413646,184.47276940903825,47.02188812387281,1.3904982618771726
1416,581.0,18109.72599358181,183.5457705677868,47.02188812387281,1.3904982618771726
1420,582.5,18047.030142749983,182.8505214368482,47.02188812387281,1.3904982618771726
1424,584.0,17984.334291918152,182.15527230590962,47.02188812387281,1.3904982618771726
1428,586.0,17921.63844108632,181.22827346465817,47.02188812387281,1.3904982618771726
1432,589.0,17858.94259025449,179.837775202781,47.02188812387281,1.3904982618771726
1436,592.0,17796.24673942266,178.44727694090383,47.02188812387281,1.3904982618771726
1440,594.0,17733.55088859083,177.5202780996524,47.02188812387281,1.3904982618771726
1444,596.5,17670.855037759,176.36152954808807,47.02188812387281,1.3904982618771726
1448,599.0,17608.159186927172,175.20278099652376,47.02188812387281,1.3904982618771726
1452,601.0,17545.463336095338,174.2757821552723,47.02188812387281,1.3904982618771726
1456,603.0,17482.76748526351,173.34878331402086,47.02188812387281,1.3904982618771726
1460,605.0,17420.07163443168,172.42178447276942,47.02188812387281,1.3904982618771726
1464,605.5,17357.375783599848,172.19003476245655,47.02188812387281,1.3904982618771726
1468,605.5,17294.679932768016,172.19003476245655,47.02188812387281,1.3904982618771726
1472,606.0,17231.984081936185,171.95828505214368,47.02188812387281,1.3904982618771726
1476,608.5,17169.288231104358,170.79953650057936,47.02188812387281,1.3904982618771726
1480,612.5,17106.592380272526,168.94553881807647,47.02188812387281,1.3904982618771726
1484,616.0,17043.896529440695,167.32329084588645,47.02188812387281,1.3904982618771726
1488,618.0,16981.200678608864,166.396292004635,47.02188812387281,1.3904982618771726
1492,619.0,16918.504827777037,165.93279258400926,47.02188812387281,1.3904982618771726
1496,620.5,16855.808976945205,165.23754345307069,47.02188812387281,1.3904982618771726
1500,629.0,16793.113126113374,161.29779837775203,47.02188812387281,1.3904982618771726
1504,629.5,16730.417275281543,161.06604866743916,47.02188812387281,1.3904982618771726
1508,631.5,16667.72142444971,160.13904982618772,47.02188812387281,1.3904982618771726
1512,633.0,16605.025573617884,159.44380069524914,47.02188812387281,1.3904982618771726
1516,635.0,16542.329722786053,158.5168018539977,47.02188812387281,1.3904982618771726
1520,637.5,16479.633871954222,157.35805330243338,47.02188812387281,1.3904982618771726
1524,640.0,16416.93802112239,156.19930475086906,47.02188812387281,1.3904982618771726
1528,642.0,16354.242170290561,155.27230590961761,47.02188812387281,1.3904982618771726
1532,644.0,16291.546319458732,154.34530706836617,47.02188812387281,1.3904982618771726
1536,646.5,16228.850468626903,153.18655851680185,47.02188812387281,1.3904982618771726
1540,650.0,16166.15461779507,151.56431054461183,47.02188812387281,1.3904982618771726
1544,653.5,16103.45876696324,149.94206257242178,47.02188812387281,1.3904982618771726
1548,656.0,16040.762916131409,148.78331402085746,47.02188812387281,1.3904982618771726
1552,657.5,15978.06706529958,148.08806488991888,47.02188812387281,1.3904982618771726
1556,659.5,15915.371214467747,147.16106604866744,47.02188812387281,1.3904982618771726
1560,663.5,15852.675363635917,145.30706836616454,47.02188812387281,1.3904982618771726
1564,666.5,15789.979512804088,143.91657010428736,47.02188812387281,1.3904982618771726
1568,669.5,15727.283661972258,142.5260718424102,47.02188812387281,1.3904982618771726
1572,673.5,15664.587811140425,140.6720741599073,47.02188812387281,1.3904982618771726
1576,676.5,15601.891960308596,139.28157589803013,47.02188812387281,1.3904982618771726
1580,679.5,15539.196109476767,137.89107763615294,47.02188812387281,1.3904982618771726
1584,682.0,15476.500258644935,136.73232908458866,47.02188812387281,1.3904982618771726
1588,683.5,15413.804407813106,136.03707995365005,47.02188812387281,1.3904982618771726
1592,685.5,15351.108556981273,135.1100811123986,47.02188812387281,1.3904982618771726
1596,688.0,15288.412706149444,133.9513325608343,47.02188812387281,1.3904982618771726
1600,690.0,15225.716855317614,133.02433371958284,47.02188812387281,1.3904982618771726
1604,693.0,15163.021004485785,131.6338354577057,47.02188812387281,1.3904982618771726
1608,695.0,15100.325153653952,130.70683661645424,47.02188812387281,1.3904982618771726
1612,697.0,15037.629302822123,129.7798377752028,47.02188812387281,1.3904982618771726
1616,698.0,14974.933451990293,129.31633835457706,47.02188812387281,1.3904982618771726
1620,700.0,14912.237601158462,128.3893395133256,47.02188812387281,1.3904982618771726
1624,702.0,14849.541750326629,127.46234067207416,47.02188812387281,1.3904982618771726
1628,704.0,14786.8458994948,126.53534183082272,47.02188812387281,1.3904982618771726
1632,705.5,14724.15004866297,125.84009269988412,47.02188812387281,1.3904982618771726
1636,707.0,14661.45419783114,125.14484356894553,47.02188812387281,1.3904982618771726
1640,708.5,14598.758346999311,124.44959443800695,47.02188812387281,1.3904982618771726
1644,710.0,14536.062496167478,123.75434530706836,47.02188812387281,1.3904982618771726
1648,711.0,14473.366645335649,123.29084588644264,47.02188812387281,1.3904982618771726
1652,711.5,14410.67079450382,123.05909617612978,47.02188812387281,1.3904982618771726
1656,712.5,14347.974943671989,122.59559675550406,47.02188812387281,1.3904982618771726
1660,714.0,14285.279092840155,121.90034762456547,47.02188812387281,1.3904982618771726
1664,716.0,14222.583242008326,120.97334878331402,47.02188812387281,1.3904982618771726
1668,718.0,14159.887391176497,120.04634994206258,47.02188812387281,1.3904982618771726
1672,720.0,14097.191540344667,119.11935110081113,47.02188812387281,1.3904982618771726
1676,721.0,14034.495689512834,118.6558516801854,47.02188812387281,1.3904982618771726
1680,723.0,13971.799838681005,117.72885283893395,47.02188812387281,1.3904982618771726
1684,726.0,13909.103987849176,116.33835457705678,47.02188812387281,1.3904982618771726
1688,728.0,13846.408137017344,115.41135573580533,47.02188812387281,1.3904982618771726
1692,730.0,13783.712286185515,114.48435689455388,47.02188812387281,1.3904982618771726
1696,732.0,13721.016435353682,113.55735805330244,47.02188812387281,1.3904982618771726
1700,734.0,13658.320584521853,112.63035921205099,47.02188812387281,1.3904982618771726
1704,736.0,13595.624733690023,111.70336037079953,47.02188812387281,1.3904982618771726
1708,737.0,13532.928882858194,111.2398609501738,47.02188812387281,1.3904982618771726
1712,739.0,13470.23303202636,110.31286210892236,47.02188812387281,1.3904982618771726
1716,741.0,13407.537181194532,109.38586326767091,47.02188812387281,1.3904982618771726
1720,742.0,13344.841330362702,108.92236384704519,47.02188812387281,1.3904982618771726
1724,743.5,13282.145479530871,108.2271147161066,47.02188812387281,1.3904982618771726
1728,744.5,13219.449628699038,107.76361529548088,47.02188812387281,1.3904982618771726
1732,745.5,13156.753777867209,107.30011587485515,47.02188812387281,1.3904982618771726
1736,747.0,13094.05792703538,106.60486674391657,47.02188812387281,1.3904982618771726
1740,749.5,13031.36207620355,105.44611819235226,47.02188812387281,1.3904982618771726
1744,751.5,12968.66622537172,104.51911935110081,47.02188812387281,1.3904982618771726
