station,station_name,nominal_time_utc,release_time_utc,geopotential_height_m,pressure_pa,temperature_k,latitude,longitude,wind_speed_mps
72364,Santa Teresa,2012-03-15T12:00:00Z,2012-03-15T11:10:00Z,1252.0,87800.0,280.35,31.8600,-106.7000,1.5
72364,Santa Teresa,2012-03-15T12:00:00Z,2012-03-15T11:10:00Z,1280.0,87500.0,285.75,31.8600,-106.7000,2.0
72364,Santa Teresa,2012-03-15T12:00:00Z,2012-03-15T11:10:00Z,1290.0,87400.0,287.55,31.8600,-106.7000,2.2
72364,Santa Teresa,2012-03-15T12:00:00Z,2012-03-15T11:10:00Z,1357.0,86700.0,288.35,31.8600,-106.7000,3.3
72364,Santa Teresa,2012-03-15T12:00:00Z,2012-03-15T11:10:00Z,1425.0,86000.0,290.15,31.8600,-106.7000,4.5
72364,Santa Teresa,2012-03-15T12:00:00Z,2012-03-15T11:10:00Z,1524.0,85000.0,289.75,31.8600,-106.7000,6.2
72364,Santa Teresa,2012-03-15T12:00:00Z,2012-03-15T11:10:00Z,1767.0,82600.0,289.35,31.8600,-106.7000,6.6
72364,Santa Teresa,2012-03-15T12:00:00Z,2012-03-15T11:10:00Z,1829.0,81990.0,288.85,31.8600,-106.7000,6.7
72364,Santa Teresa,2012-03-15T12:00:00Z,2012-03-15T11:10:00Z,2134.0,79070.0,286.15,31.8600,-106.7000,7.2
72364,Santa Teresa,2012-03-15T12:00:00Z,2012-03-15T11:10:00Z,2368.0,76900.0,284.15,31.8600,-106.7000,6.0
72364,Santa Teresa,2012-03-15T12:00:00Z,2012-03-15T11:10:00Z,2438.0,76260.0,284.15,31.8600,-106.7000,5.7
72364,Santa Teresa,2012-03-15T12:00:00Z,2012-03-15T11:10:00Z,2554.0,75200.0,284.15,31.8600,-106.7000,6.4
72364,Santa Teresa,2012-03-15T12:00:00Z,2012-03-15T11:10:00Z,2743.0,73500.0,282.75,31.8600,-106.7000,7.7
72364,Santa Teresa,2012-03-15T12:00:00Z,2012-03-15T11:10:00Z,3146.0,70000.0,279.75,31.8600,-106.7000,12.4
72364,Santa Teresa,2012-03-15T12:00:00Z,2012-03-15T11:10:00Z,3359.0,68200.0,278.55,31.8600,-106.7000,13.2
72364,Santa Teresa,2012-03-15T12:00:00Z,2012-03-15T11:10:00Z,3658.0,65710.0,276.05,31.8600,-106.7000,14.4
72364,Santa Teresa,2012-03-15T12:00:00Z,2012-03-15T11:10:00Z,3962.0,63270.0,273.55,31.8600,-106.7000,10.8
72364,Santa Teresa,2012-03-15T12:00:00Z,2012-03-15T11:10:00Z,4267.0,60910.0,270.95,31.8600,-106.7000,11.3
72364,Santa Teresa,2012-03-15T12:00:00Z,2012-03-15T11:10:00Z,4549.0,58800.0,268.65,31.8600,-106.7000,12.7
72364,Santa Teresa,2012-03-15T12:00:00Z,2012-03-15T11:10:00Z,4671.0,57900.0,267.65,31.8600,-106.7000,13.4
72364,Santa Teresa,2012-03-15T12:00:00Z,2012-03-15T11:10:00Z,4877.0,56380.0,265.75,31.8600,-106.7000,14.4
72364,Santa Teresa,2012-03-15T12:00:00Z,2012-03-15T11:10:00Z,5227.0,53900.0,262.45,31.8600,-106.7000,13.3
72364,Santa Teresa,2012-03-15T12:00:00Z,2012-03-15T11:10:00Z,5665.0,50900.0,258.65,31.8600,-106.7000,11.8
72364,Santa Teresa,2012-03-15T12:00:00Z,2012-03-15T11:10:00Z,5800.0,50000.0,258.05,31.8600,-106.7000,11.3
72364,Santa Teresa,2012-03-15T12:00:00Z,2012-03-15T11:10:00Z,6076.0,48200.0,257.45,31.8600,-106.7000,11.3
72364,Santa Teresa,2012-03-15T12:00:00Z,2012-03-15T11:10:00Z,6096.0,48070.0,257.25,31.8600,-106.7000,11.3
72364,Santa Teresa,2012-03-15T12:00:00Z,2012-03-15T11:10:00Z,7450.0,40000.0,246.65,31.8600,-106.7000,10.8
72364,Santa Teresa,2012-03-15T12:00:00Z,2012-03-15T11:10:00Z,7620.0,39040.0,245.15,31.8600,-106.7000,10.8
72364,Santa Teresa,2012-03-15T12:00:00Z,2012-03-15T11:10:00Z,8971.0,32200.0,233.25,31.8600,-106.7000,18.1
72364,Santa Teresa,2012-03-15T12:00:00Z,2012-03-15T11:10:00Z,9144.0,31390.0,231.95,31.8600,-106.7000,19.0
72364,Santa Teresa,2012-03-15T12:00:00Z,2012-03-15T11:10:00Z,9450.0,30000.0,229.65,31.8600,-106.7000,21.6
72364,Santa Teresa,2012-03-15T12:00:00Z,2012-03-15T11:10:00Z,10650.0,25000.0,220.25,31.8600,-106.7000,28.3
72364,Santa Teresa,2012-03-15T12:00:00Z,2012-03-15T11:10:00Z,11887.0,20560.0,210.75,31.8600,-106.7000,35.5
72364,Santa Teresa,2012-03-15T12:00:00Z,2012-03-15T11:10:00Z,11999.0,20200.0,209.85,31.8600,-106.7000,35.5
72364,Santa Teresa,2012-03-15T12:00:00Z,2012-03-15T11:10:00Z,12060.0,20000.0,209.65,31.8600,-106.7000,35.0
72364,Santa Teresa,2012-03-15T12:00:00Z,2012-03-15T11:10:00Z,12278.0,19300.0,208.65,31.8600,-106.7000,28.8
72364,Santa Teresa,2012-03-15T12:00:00Z,2012-03-15T11:10:00Z,12497.0,18620.0,208.95,31.8600,-106.7000,23.2
72364,Santa Teresa,2012-03-15T12:00:00Z,2012-03-15T11:10:00Z,12570.0,18400.0,209.05,31.8600,-106.7000,23.5
72364,Santa Teresa,2012-03-15T12:00:00Z,2012-03-15T11:10:00Z,12773.0,17800.0,208.05,31.8600,-106.7000,24.3
72364,Santa Teresa,2012-03-15T12:00:00Z,2012-03-15T11:10:00Z,12912.0,17400.0,209.45,31.8600,-106.7000,24.9
72364,Santa Teresa,2012-03-15T12:00:00Z,2012-03-15T11:10:00Z,13019.0,17100.0,212.65,31.8600,-106.7000,25.4
72364,Santa Teresa,2012-03-15T12:00:00Z,2012-03-15T11:10:00Z,13106.0,16860.0,212.65,31.8600,-106.7000,25.7
72364,Santa Teresa,2012-03-15T12:00:00Z,2012-03-15T11:10:00Z,13130.0,16800.0,212.65,31.8600,-106.7000,25.1
72364,Santa Teresa,2012-03-15T12:00:00Z,2012-03-15T11:10:00Z,13319.0,16300.0,215.25,31.8600,-106.7000,19.6
72364,Santa Teresa,2012-03-15T12:00:00Z,2012-03-15T11:10:00Z,13411.0,16060.0,214.65,31.8600,-106.7000,17.0
72364,Santa Teresa,2012-03-15T12:00:00Z,2012-03-15T11:10:00Z,13595.0,15600.0,213.45,31.8600,-106.7000,17.4
72364,Santa Teresa,2012-03-15T12:00:00Z,2012-03-15T11:10:00Z,13840.0,15000.0,213.85,31.8600,-106.7000,18.0
72364,Santa Teresa,2012-03-15T12:00:00Z,2012-03-15T11:10:00Z,13966.0,14700.0,213.85,31.8600,-106.7000,18.1
72364,Santa Teresa,2012-03-15T12:00:00Z,2012-03-15T11:10:00Z,14140.0,14300.0,216.25,31.8600,-106.7000,18.2
72364,Santa Teresa,2012-03-15T12:00:00Z,2012-03-15T11:10:00Z,14274.0,14000.0,215.85,31.8600,-106.7000,18.3
72364,Santa Teresa,2012-03-15T12:00:00Z,2012-03-15T11:10:00Z,14458.0,13600.0,217.45,31.8600,-106.7000,18.5
72364,Santa Teresa,2012-03-15T12:00:00Z,2012-03-15T11:10:00Z,14792.0,12900.0,215.05,31.8600,-106.7000,18.7
72364,Santa Teresa,2012-03-15T12:00:00Z,2012-03-15T11:10:00Z,14991.0,12500.0,215.85,31.8600,-106.7000,18.9
72364,Santa Teresa,2012-03-15T12:00:00Z,2012-03-15T11:10:00Z,15240.0,12010.0,214.45,31.8600,-106.7000,19.0
72364,Santa Teresa,2012-03-15T12:00:00Z,2012-03-15T11:10:00Z,15678.0,11200.0,212.05,31.8600,-106.7000,18.3
72364,Santa Teresa,2012-03-15T12:00:00Z,2012-03-15T11:10:00Z,15734.0,11100.0,212.65,31.8600,-106.7000,18.2
72364,Santa Teresa,2012-03-15T12:00:00Z,2012-03-15T11:10:00Z,15904.0,10800.0,211.65,31.8600,-106.7000,17.9
72364,Santa Teresa,2012-03-15T12:00:00Z,2012-03-15T11:10:00Z,16079.0,10500.0,212.05,31.8600,-106.7000,17.5
72364,Santa Teresa,2012-03-15T12:00:00Z,2012-03-15T11:10:00Z,16380.0,10000.0,210.25,31.8600,-106.7000,17.0
72364,Santa Teresa,2012-03-15T12:00:00Z,2012-03-15T11:10:00Z,16764.0,9390.0,208.95,31.8600,-106.7000,8.2
72364,Santa Teresa,2012-03-15T12:00:00Z,2012-03-15T11:10:00Z,16966.0,9090.0,208.25,31.8600,-106.7000,9.3
72364,Santa Teresa,2012-03-15T12:00:00Z,2012-03-15T11:10:00Z,17069.0,8940.0,207.55,31.8600,-106.7000,9.8
72364,Santa Teresa,2012-03-15T12:00:00Z,2012-03-15T11:10:00Z,17374.0,8500.0,205.35,31.8600,-106.7000,13.9
72364,Santa Teresa,2012-03-15T12:00:00Z,2012-03-15T11:10:00Z,17588.0,8200.0,203.85,31.8600,-106.7000,13.4
72364,Santa Teresa,2012-03-15T12:00:00Z,2012-03-15T11:10:00Z,17983.0,7680.0,204.85,31.8600,-106.7000,9.3
72364,Santa Teresa,2012-03-15T12:00:00Z,2012-03-15T11:10:00Z,18288.0,7300.0,205.65,31.8600,-106.7000,7.2
72364,Santa Teresa,2012-03-15T12:00:00Z,2012-03-15T11:10:00Z,18540.0,7000.0,206.25,31.8600,-106.7000,6.7
72364,Santa Teresa,2012-03-15T12:00:00Z,2012-03-15T11:10:00Z,18593.0,6940.0,206.35,31.8600,-106.7000,6.7
72364,Santa Teresa,2012-03-15T12:00:00Z,2012-03-15T11:10:00Z,18680.0,6840.0,206.45,31.8600,-106.7000,6.5
72364,Santa Teresa,2012-03-15T12:00:00Z,2012-03-15T11:10:00Z,19202.0,6270.0,204.05,31.8600,-106.7000,5.2
72364,Santa Teresa,2012-03-15T12:00:00Z,2012-03-15T11:10:00Z,19464.0,6000.0,202.85,31.8600,-106.7000,3.2
72364,Santa Teresa,2012-03-15T12:00:00Z,2012-03-15T11:10:00Z,19812.0,5660.0,203.55,31.8600,-106.7000,0.5
72364,Santa Teresa,2012-03-15T12:00:00Z,2012-03-15T11:10:00Z,19842.0,5630.0,203.65,31.8600,-106.7000,0.6
72364,Santa Teresa,2012-03-15T12:00:00Z,2012-03-15T11:10:00Z,20068.0,5420.0,201.85,31.8600,-106.7000,0.9
72364,Santa Teresa,2012-03-15T12:00:00Z,2012-03-15T11:10:00Z,20223.0,5280.0,204.65,31.8600,-106.7000,1.1
72364,Santa Teresa,2012-03-15T12:00:00Z,2012-03-15T11:10:00Z,20466.0,5070.0,205.05,31.8600,-106.7000,1.4
72364,Santa Teresa,2012-03-15T12:00:00Z,2012-03-15T11:10:00Z,20550.0,5000.0,206.45,31.8600,-106.7000,1.5
72364,Santa Teresa,2012-03-15T12:00:00Z,2012-03-15T11:10:00Z,20599.0,4960.0,207.05,31.8600,-106.7000,1.6
72364,Santa Teresa,2012-03-15T12:00:00Z,2012-03-15T11:10:00Z,20710.0,4870.0,210.45,31.8600,-106.7000,1.6
72364,Santa Teresa,2012-03-15T12:00:00Z,2012-03-15T11:10:00Z,20800.0,4800.0,211.05,31.8600,-106.7000,1.7
72364,Santa Teresa,2012-03-15T12:00:00Z,2012-03-15T11:10:00Z,21336.0,4400.0,210.35,31.8600,-106.7000,2.1
72364,Santa Teresa,2012-03-15T12:00:00Z,2012-03-15T11:10:00Z,21535.0,4260.0,210.05,31.8600,-106.7000,2.1
72364,Santa Teresa,2012-03-15T12:00:00Z,2012-03-15T11:10:00Z,21641.0,4190.0,210.55,31.8600,-106.7000,2.1
72364,Santa Teresa,2012-03-15T12:00:00Z,2012-03-15T11:10:00Z,21893.0,4020.0,211.65,31.8600,-106.7000,5.9
72364,Santa Teresa,2012-03-15T12:00:00Z,2012-03-15T11:10:00Z,21946.0,3990.0,212.45,31.8600,-106.7000,6.7
72364,Santa Teresa,2012-03-15T12:00:00Z,2012-03-15T11:10:00Z,22034.0,3930.0,213.85,31.8600,-106.7000,7.7
72364,Santa Teresa,2012-03-15T12:00:00Z,2012-03-15T11:10:00Z,22555.0,3610.0,211.65,31.8600,-106.7000,13.4
72364,Santa Teresa,2012-03-15T12:00:00Z,2012-03-15T11:10:00Z,22789.0,3480.0,210.65,31.8600,-106.7000,9.8
72364,Santa Teresa,2012-03-15T12:00:00Z,2012-03-15T11:10:00Z,22860.0,3440.0,210.85,31.8600,-106.7000,8.8
72364,Santa Teresa,2012-03-15T12:00:00Z,2012-03-15T11:10:00Z,23465.0,3120.0,212.25,31.8600,-106.7000,6.7
72364,Santa Teresa,2012-03-15T12:00:00Z,2012-03-15T11:10:00Z,23470.0,3120.0,212.25,31.8600,-106.7000,6.7
72364,Santa Teresa,2012-03-15T12:00:00Z,2012-03-15T11:10:00Z,23710.0,3000.0,214.45,31.8600,-106.7000,6.7
72364,Santa Teresa,2012-03-15T12:00:00Z,2012-03-15T11:10:00Z,23752.0,2980.0,214.65,31.8600,-106.7000,6.7
72364,Santa Teresa,2012-03-15T12:00:00Z,2012-03-15T11:10:00Z,24384.0,2700.0,215.65,31.8600,-106.7000,6.2
72364,Santa Teresa,2012-03-15T12:00:00Z,2012-03-15T11:10:00Z,24540.0,2630.0,215.85,31.8600,-106.7000,5.9
72364,Santa Teresa,2012-03-15T12:00:00Z,2012-03-15T11:10:00Z,24689.0,2570.0,217.55,31.8600,-106.7000,5.7
72364,Santa Teresa,2012-03-15T12:00:00Z,2012-03-15T11:10:00Z,24736.0,2550.0,218.05,31.8600,-106.7000,5.7
72364,Santa Teresa,2012-03-15T12:00:00Z,2012-03-15T11:10:00Z,25298.0,2340.0,218.05,31.8600,-106.7000,5.7
72364,Santa Teresa,2012-03-15T12:00:00Z,2012-03-15T11:10:00Z,25368.0,2310.0,218.05,31.8600,-106.7000,5.1
72364,Santa Teresa,2012-03-15T12:00:00Z,2012-03-15T11:10:00Z,25908.0,2120.0,221.55,31.8600,-106.7000,1.0
72364,Santa Teresa,2012-03-15T12:00:00Z,2012-03-15T11:10:00Z,25951.0,2110.0,221.85,31.8600,-106.7000,1.1
72364,Santa Teresa,2012-03-15T12:00:00Z,2012-03-15T11:10:00Z,26300.0,2000.0,222.45,31.8600,-106.7000,2.1
72364,Santa Teresa,2012-03-15T12:00:00Z,2012-03-15T11:10:00Z,26565.0,1920.0,221.65,31.8600,-106.7000,3.8
72364,Santa Teresa,2012-03-15T12:00:00Z,2012-03-15T11:10:00Z,27172.0,1750.0,225.45,31.8600,-106.7000,7.6
72364,Santa Teresa,2012-03-15T12:00:00Z,2012-03-15T11:10:00Z,27432.0,1680.0,225.55,31.8600,-106.7000,9.3
72364,Santa Teresa,2012-03-15T12:00:00Z,2012-03-15T11:10:00Z,27737.0,1610.0,225.65,31.8600,-106.7000,10.8
72364,Santa Teresa,2012-03-15T12:00:00Z,2012-03-15T11:10:00Z,28346.0,1470.0,225.85,31.8600,-106.7000,7.2
72364,Santa Teresa,2012-03-15T12:00:00Z,2012-03-15T11:10:00Z,28414.0,1450.0,225.85,31.8600,-106.7000,
72364,Santa Teresa,2012-07-25T12:00:00Z,2012-07-25T11:05:00Z,1252.0,87600.0,292.95,31.8600,-106.7000,4.1
72364,Santa Teresa,2012-07-25T12:00:00Z,2012-07-25T11:05:00Z,1291.0,87200.0,293.35,31.8600,-106.7000,5.6
72364,Santa Teresa,2012-07-25T12:00:00Z,2012-07-25T11:05:00Z,1391.0,86200.0,296.15,31.8600,-106.7000,9.3
72364,Santa Teresa,2012-07-25T12:00:00Z,2012-07-25T11:05:00Z,1513.0,85000.0,295.55,31.8600,-106.7000,13.9
72364,Santa Teresa,2012-07-25T12:00:00Z,2012-07-25T11:05:00Z,1524.0,84890.0,295.55,31.8600,-106.7000,13.9
72364,Santa Teresa,2012-07-25T12:00:00Z,2012-07-25T11:05:00Z,1689.0,83300.0,294.95,31.8600,-106.7000,12.8
72364,Santa Teresa,2012-07-25T12:00:00Z,2012-07-25T11:05:00Z,1829.0,81940.0,293.95,31.8600,-106.7000,11.8
72364,Santa Teresa,2012-07-25T12:00:00Z,2012-07-25T11:05:00Z,2134.0,79070.0,291.85,31.8600,-106.7000,9.3
72364,Santa Teresa,2012-07-25T12:00:00Z,2012-07-25T11:05:00Z,2438.0,76310.0,289.65,31.8600,-106.7000,10.3
72364,Santa Teresa,2012-07-25T12:00:00Z,2012-07-25T11:05:00Z,2743.0,73640.0,287.55,31.8600,-106.7000,10.3
72364,Santa Teresa,2012-07-25T12:00:00Z,2012-07-25T11:05:00Z,2971.0,71700.0,285.95,31.8600,-106.7000,10.3
72364,Santa Teresa,2012-07-25T12:00:00Z,2012-07-25T11:05:00Z,3172.0,70000.0,284.15,31.8600,-106.7000,10.3
72364,Santa Teresa,2012-07-25T12:00:00Z,2012-07-25T11:05:00Z,3244.0,69400.0,283.55,31.8600,-106.7000,10.1
72364,Santa Teresa,2012-07-25T12:00:00Z,2012-07-25T11:05:00Z,3658.0,66000.0,280.55,31.8600,-106.7000,9.3
72364,Santa Teresa,2012-07-25T12:00:00Z,2012-07-25T11:05:00Z,3962.0,63610.0,278.45,31.8600,-106.7000,9.8
72364,Santa Teresa,2012-07-25T12:00:00Z,2012-07-25T11:05:00Z,4028.0,63100.0,277.95,31.8600,-106.7000,10.0
72364,Santa Teresa,2012-07-25T12:00:00Z,2012-07-25T11:05:00Z,4237.0,61500.0,276.75,31.8600,-106.7000,10.7
72364,Santa Teresa,2012-07-25T12:00:00Z,2012-07-25T11:05:00Z,4267.0,61270.0,276.85,31.8600,-106.7000,10.8
72364,Santa Teresa,2012-07-25T12:00:00Z,2012-07-25T11:05:00Z,4290.0,61100.0,276.95,31.8600,-106.7000,10.7
72364,Santa Teresa,2012-07-25T12:00:00Z,2012-07-25T11:05:00Z,4410.0,60200.0,276.35,31.8600,-106.7000,9.8
72364,Santa Teresa,2012-07-25T12:00:00Z,2012-07-25T11:05:00Z,4478.0,59700.0,275.95,31.8600,-106.7000,9.4
72364,Santa Teresa,2012-07-25T12:00:00Z,2012-07-25T11:05:00Z,4628.0,58600.0,275.15,31.8600,-106.7000,8.4
72364,Santa Teresa,2012-07-25T12:00:00Z,2012-07-25T11:05:00Z,4877.0,56810.0,273.65,31.8600,-106.7000,6.7
72364,Santa Teresa,2012-07-25T12:00:00Z,2012-07-25T11:05:00Z,4950.0,56300.0,273.15,31.8600,-106.7000,6.3
72364,Santa Teresa,2012-07-25T12:00:00Z,2012-07-25T11:05:00Z,5182.0,54680.0,271.85,31.8600,-106.7000,5.2
72364,Santa Teresa,2012-07-25T12:00:00Z,2012-07-25T11:05:00Z,5486.0,52630.0,270.15,31.8600,-106.7000,2.1
72364,Santa Teresa,2012-07-25T12:00:00Z,2012-07-25T11:05:00Z,5536.0,52300.0,269.85,31.8600,-106.7000,2.2
72364,Santa Teresa,2012-07-25T12:00:00Z,2012-07-25T11:05:00Z,5890.0,50000.0,266.85,31.8600,-106.7000,3.1
72364,Santa Teresa,2012-07-25T12:00:00Z,2012-07-25T11:05:00Z,6096.0,48700.0,265.05,31.8600,-106.7000,3.6
72364,Santa Teresa,2012-07-25T12:00:00Z,2012-07-25T11:05:00Z,6096.0,48700.0,265.05,31.8600,-106.7000,3.6
72364,Santa Teresa,2012-07-25T12:00:00Z,2012-07-25T11:05:00Z,6192.0,48100.0,265.85,31.8600,-106.7000,3.8
72364,Santa Teresa,2012-07-25T12:00:00Z,2012-07-25T11:05:00Z,6761.0,44700.0,262.65,31.8600,-106.7000,4.7
72364,Santa Teresa,2012-07-25T12:00:00Z,2012-07-25T11:05:00Z,6830.0,44300.0,262.45,31.8600,-106.7000,4.8
72364,Santa Teresa,2012-07-25T12:00:00Z,2012-07-25T11:05:00Z,6918.0,43800.0,261.85,31.8600,-106.7000,5.0
72364,Santa Teresa,2012-07-25T12:00:00Z,2012-07-25T11:05:00Z,7010.0,43280.0,261.55,31.8600,-106.7000,5.2
72364,Santa Teresa,2012-07-25T12:00:00Z,2012-07-25T11:05:00Z,7185.0,42300.0,260.85,31.8600,-106.7000,5.4
72364,Santa Teresa,2012-07-25T12:00:00Z,2012-07-25T11:05:00Z,7442.0,40900.0,259.05,31.8600,-106.7000,5.9
72364,Santa Teresa,2012-07-25T12:00:00Z,2012-07-25T11:05:00Z,7610.0,40000.0,257.25,31.8600,-106.7000,6.2
72364,Santa Teresa,2012-07-25T12:00:00Z,2012-07-25T11:05:00Z,7620.0,39950.0,257.15,31.8600,-106.7000,6.2
72364,Santa Teresa,2012-07-25T12:00:00Z,2012-07-25T11:05:00Z,7801.0,39000.0,255.65,31.8600,-106.7000,6.5
72364,Santa Teresa,2012-07-25T12:00:00Z,2012-07-25T11:05:00Z,7925.0,38360.0,254.65,31.8600,-106.7000,6.7
72364,Santa Teresa,2012-07-25T12:00:00Z,2012-07-25T11:05:00Z,8094.0,37500.0,253.25,31.8600,-106.7000,6.7
72364,Santa Teresa,2012-07-25T12:00:00Z,2012-07-25T11:05:00Z,8230.0,36820.0,252.55,31.8600,-106.7000,6.7
72364,Santa Teresa,2012-07-25T12:00:00Z,2012-07-25T11:05:00Z,8604.0,35000.0,250.45,31.8600,-106.7000,7.5
72364,Santa Teresa,2012-07-25T12:00:00Z,2012-07-25T11:05:00Z,8796.0,34100.0,249.65,31.8600,-106.7000,8.0
72364,Santa Teresa,2012-07-25T12:00:00Z,2012-07-25T11:05:00Z,9144.0,32510.0,246.45,31.8600,-106.7000,8.8
72364,Santa Teresa,2012-07-25T12:00:00Z,2012-07-25T11:05:00Z,9258.0,32000.0,245.45,31.8600,-106.7000,8.4
72364,Santa Teresa,2012-07-25T12:00:00Z,2012-07-25T11:05:00Z,9449.0,31160.0,244.15,31.8600,-106.7000,7.7
72364,Santa Teresa,2012-07-25T12:00:00Z,2012-07-25T11:05:00Z,9720.0,30000.0,242.25,31.8600,-106.7000,9.3
72364,Santa Teresa,2012-07-25T12:00:00Z,2012-07-25T11:05:00Z,9791.0,29700.0,241.85,31.8600,-106.7000,9.3
72364,Santa Teresa,2012-07-25T12:00:00Z,2012-07-25T11:05:00Z,10481.0,26900.0,235.45,31.8600,-106.7000,9.6
72364,Santa Teresa,2012-07-25T12:00:00Z,2012-07-25T11:05:00Z,10980.0,25000.0,231.25,31.8600,-106.7000,9.8
72364,Santa Teresa,2012-07-25T12:00:00Z,2012-07-25T11:05:00Z,11582.0,22820.0,225.85,31.8600,-106.7000,9.8
72364,Santa Teresa,2012-07-25T12:00:00Z,2012-07-25T11:05:00Z,12450.0,20000.0,218.05,31.8600,-106.7000,11.8
72364,Santa Teresa,2012-07-25T12:00:00Z,2012-07-25T11:05:00Z,12497.0,19850.0,217.55,31.8600,-106.7000,12.4
72364,Santa Teresa,2012-07-25T12:00:00Z,2012-07-25T11:05:00Z,12708.0,19200.0,215.45,31.8600,-106.7000,11.9
72364,Santa Teresa,2012-07-25T12:00:00Z,2012-07-25T11:05:00Z,13643.0,16500.0,207.85,31.8600,-106.7000,9.9
72364,Santa Teresa,2012-07-25T12:00:00Z,2012-07-25T11:05:00Z,13716.0,16300.0,208.55,31.8600,-106.7000,9.8
72364,Santa Teresa,2012-07-25T12:00:00Z,2012-07-25T11:05:00Z,13755.0,16200.0,208.85,31.8600,-106.7000,9.8
72364,Santa Teresa,2012-07-25T12:00:00Z,2012-07-25T11:05:00Z,14021.0,15500.0,206.85,31.8600,-106.7000,9.8
72364,Santa Teresa,2012-07-25T12:00:00Z,2012-07-25T11:05:00Z,14022.0,15500.0,206.85,31.8600,-106.7000,9.8
72364,Santa Teresa,2012-07-25T12:00:00Z,2012-07-25T11:05:00Z,14220.0,15000.0,207.05,31.8600,-106.7000,8.2
72364,Santa Teresa,2012-07-25T12:00:00Z,2012-07-25T11:05:00Z,14326.0,14740.0,207.25,31.8600,-106.7000,6.7
72364,Santa Teresa,2012-07-25T12:00:00Z,2012-07-25T11:05:00Z,14343.0,14700.0,207.25,31.8600,-106.7000,6.5
72364,Santa Teresa,2012-07-25T12:00:00Z,2012-07-25T11:05:00Z,14725.0,13800.0,204.85,31.8600,-106.7000,3.3
72364,Santa Teresa,2012-07-25T12:00:00Z,2012-07-25T11:05:00Z,14935.0,13330.0,204.85,31.8600,-106.7000,1.5
72364,Santa Teresa,2012-07-25T12:00:00Z,2012-07-25T11:05:00Z,15038.0,13100.0,204.85,31.8600,-106.7000,2.5
72364,Santa Teresa,2012-07-25T12:00:00Z,2012-07-25T11:05:00Z,15224.0,12700.0,203.45,31.8600,-106.7000,4.1
72364,Santa Teresa,2012-07-25T12:00:00Z,2012-07-25T11:05:00Z,15240.0,12670.0,203.45,31.8600,-106.7000,4.6
72364,Santa Teresa,2012-07-25T12:00:00Z,2012-07-25T11:05:00Z,15545.0,12040.0,203.45,31.8600,-106.7000,10.8
72364,Santa Teresa,2012-07-25T12:00:00Z,2012-07-25T11:05:00Z,15714.0,11700.0,203.45,31.8600,-106.7000,9.1
72364,Santa Teresa,2012-07-25T12:00:00Z,2012-07-25T11:05:00Z,15850.0,11440.0,204.65,31.8600,-106.7000,7.7
72364,Santa Teresa,2012-07-25T12:00:00Z,2012-07-25T11:05:00Z,15869.0,11400.0,204.85,31.8600,-106.7000,7.5
72364,Santa Teresa,2012-07-25T12:00:00Z,2012-07-25T11:05:00Z,15976.0,11200.0,204.65,31.8600,-106.7000,6.0
72364,Santa Teresa,2012-07-25T12:00:00Z,2012-07-25T11:05:00Z,16139.0,10900.0,205.85,31.8600,-106.7000,3.8
72364,Santa Teresa,2012-07-25T12:00:00Z,2012-07-25T11:05:00Z,16154.0,10870.0,205.85,31.8600,-106.7000,3.6
72364,Santa Teresa,2012-07-25T12:00:00Z,2012-07-25T11:05:00Z,16600.0,10100.0,205.65,31.8600,-106.7000,7.7
72364,Santa Teresa,2012-07-25T12:00:00Z,2012-07-25T11:05:00Z,16660.0,10000.0,206.45,31.8600,-106.7000,8.2
72364,Santa Teresa,2012-07-25T12:00:00Z,2012-07-25T11:05:00Z,17098.0,9300.0,204.85,31.8600,-106.7000,8.2
72364,Santa Teresa,2012-07-25T12:00:00Z,2012-07-25T11:05:00Z,17356.0,8910.0,205.85,31.8600,-106.7000,8.2
72364,Santa Teresa,2012-07-25T12:00:00Z,2012-07-25T11:05:00Z,17374.0,8880.0,205.75,31.8600,-106.7000,8.2
72364,Santa Teresa,2012-07-25T12:00:00Z,2012-07-25T11:05:00Z,17618.0,8530.0,204.05,31.8600,-106.7000,2.0
72364,Santa Teresa,2012-07-25T12:00:00Z,2012-07-25T11:05:00Z,17678.0,8450.0,204.25,31.8600,-106.7000,0.5
72364,Santa Teresa,2012-07-25T12:00:00Z,2012-07-25T11:05:00Z,17983.0,8030.0,204.95,31.8600,-106.7000,6.2
72364,Santa Teresa,2012-07-25T12:00:00Z,2012-07-25T11:05:00Z,18288.0,7630.0,205.75,31.8600,-106.7000,8.2
72364,Santa Teresa,2012-07-25T12:00:00Z,2012-07-25T11:05:00Z,18593.0,7260.0,206.55,31.8600,-106.7000,7.7
72364,Santa Teresa,2012-07-25T12:00:00Z,2012-07-25T11:05:00Z,18810.0,7000.0,207.05,31.8600,-106.7000,9.8
72364,Santa Teresa,2012-07-25T12:00:00Z,2012-07-25T11:05:00Z,18898.0,6900.0,207.15,31.8600,-106.7000,13.4
72364,Santa Teresa,2012-07-25T12:00:00Z,2012-07-25T11:05:00Z,18932.0,6860.0,207.25,31.8600,-106.7000,13.1
72364,Santa Teresa,2012-07-25T12:00:00Z,2012-07-25T11:05:00Z,19507.0,6240.0,205.55,31.8600,-106.7000,9.3
72364,Santa Teresa,2012-07-25T12:00:00Z,2012-07-25T11:05:00Z,19690.0,6050.0,205.05,31.8600,-106.7000,8.7
72364,Santa Teresa,2012-07-25T12:00:00Z,2012-07-25T11:05:00Z,19812.0,5930.0,206.55,31.8600,-106.7000,8.2
72364,Santa Teresa,2012-07-25T12:00:00Z,2012-07-25T11:05:00Z,19966.0,5780.0,208.45,31.8600,-106.7000,13.0
72364,Santa Teresa,2012-07-25T12:00:00Z,2012-07-25T11:05:00Z,20117.0,5640.0,212.35,31.8600,-106.7000,17.5
72364,Santa Teresa,2012-07-25T12:00:00Z,2012-07-25T11:05:00Z,20161.0,5600.0,213.45,31.8600,-106.7000,17.4
72364,Santa Teresa,2012-07-25T12:00:00Z,2012-07-25T11:05:00Z,20870.0,5000.0,214.05,31.8600,-106.7000,16.5
72364,Santa Teresa,2012-07-25T12:00:00Z,2012-07-25T11:05:00Z,21031.0,4870.0,214.25,31.8600,-106.7000,14.9
72364,Santa Teresa,2012-07-25T12:00:00Z,2012-07-25T11:05:00Z,21336.0,4640.0,214.55,31.8600,-106.7000,16.0
72364,Santa Teresa,2012-07-25T12:00:00Z,2012-07-25T11:05:00Z,21641.0,4420.0,214.95,31.8600,-106.7000,11.8
72364,Santa Teresa,2012-07-25T12:00:00Z,2012-07-25T11:05:00Z,22250.0,4020.0,215.55,31.8600,-106.7000,17.5
72364,Santa Teresa,2012-07-25T12:00:00Z,2012-07-25T11:05:00Z,22555.0,3830.0,215.95,31.8600,-106.7000,12.9
72364,Santa Teresa,2012-07-25T12:00:00Z,2012-07-25T11:05:00Z,22860.0,3650.0,216.25,31.8600,-106.7000,11.3
72364,Santa Teresa,2012-07-25T12:00:00Z,2012-07-25T11:05:00Z,23165.0,3470.0,216.65,31.8600,-106.7000,12.9
72364,Santa Teresa,2012-07-25T12:00:00Z,2012-07-25T11:05:00Z,23207.0,3450.0,216.65,31.8600,-106.7000,13.0
72364,Santa Teresa,2012-07-25T12:00:00Z,2012-07-25T11:05:00Z,23774.0,3150.0,215.75,31.8600,-106.7000,14.4
72364,Santa Teresa,2012-07-25T12:00:00Z,2012-07-25T11:05:00Z,24079.0,3010.0,215.25,31.8600,-106.7000,12.9
72364,Santa Teresa,2012-07-25T12:00:00Z,2012-07-25T11:05:00Z,24090.0,3000.0,215.25,31.8600,-106.7000,13.4
72364,Santa Teresa,2012-07-25T12:00:00Z,2012-07-25T11:05:00Z,24217.0,2940.0,215.05,31.8600,-106.7000,14.5
72364,Santa Teresa,2012-07-25T12:00:00Z,2012-07-25T11:05:00Z,24384.0,2860.0,215.95,31.8600,-106.7000,16.0
72364,Santa Teresa,2012-07-25T12:00:00Z,2012-07-25T11:05:00Z,24689.0,2730.0,217.45,31.8600,-106.7000,17.5
72364,Santa Teresa,2012-07-25T12:00:00Z,2012-07-25T11:05:00Z,25381.0,2450.0,221.05,31.8600,-106.7000,20.7
72364,Santa Teresa,2012-07-25T12:00:00Z,2012-07-25T11:05:00Z,25908.0,2260.0,221.05,31.8600,-106.7000,23.2
72364,Santa Teresa,2012-07-25T12:00:00Z,2012-07-25T11:05:00Z,26049.0,2210.0,221.05,31.8600,-106.7000,22.3
72364,Santa Teresa,2012-07-25T12:00:00Z,2012-07-25T11:05:00Z,26506.0,2060.0,223.65,31.8600,-106.7000,19.7
72364,Santa Teresa,2012-07-25T12:00:00Z,2012-07-25T11:05:00Z,26700.0,2000.0,223.45,31.8600,-106.7000,18.5
72364,Santa Teresa,2012-07-25T12:00:00Z,2012-07-25T11:05:00Z,26822.0,1960.0,223.35,31.8600,-106.7000,18.5
72364,Santa Teresa,2012-07-25T12:00:00Z,2012-07-25T11:05:00Z,27432.0,1790.0,222.75,31.8600,-106.7000,23.2
72364,Santa Teresa,2012-07-25T12:00:00Z,2012-07-25T11:05:00Z,27737.0,1710.0,222.45,31.8600,-106.7000,28.8
72364,Santa Teresa,2012-07-25T12:00:00Z,2012-07-25T11:05:00Z,27995.0,1640.0,222.25,31.8600,-106.7000,28.7
72364,Santa Teresa,2012-07-25T12:00:00Z,2012-07-25T11:05:00Z,28987.0,1410.0,226.25,31.8600,-106.7000,28.0
72364,Santa Teresa,2012-07-25T12:00:00Z,2012-07-25T11:05:00Z,29261.0,1350.0,225.95,31.8600,-106.7000,27.8
72364,Santa Teresa,2012-07-25T12:00:00Z,2012-07-25T11:05:00Z,29783.0,1250.0,225.45,31.8600,-106.7000,27.8
72364,Santa Teresa,2012-07-25T12:00:00Z,2012-07-25T11:05:00Z,29870.0,1230.0,226.15,31.8600,-106.7000,27.8
72364,Santa Teresa,2012-07-25T12:00:00Z,2012-07-25T11:05:00Z,30223.0,1170.0,228.85,31.8600,-106.7000,31.1
72364,Santa Teresa,2012-07-25T12:00:00Z,2012-07-25T11:05:00Z,30480.0,1130.0,228.15,31.8600,-106.7000,33.5
72364,Santa Teresa,2012-07-25T12:00:00Z,2012-07-25T11:05:00Z,30515.0,1120.0,228.05,31.8600,-106.7000,33.9
72364,Santa Teresa,2012-07-25T12:00:00Z,2012-07-25T11:05:00Z,30760.0,1080.0,229.65,31.8600,-106.7000,37.1
72364,Santa Teresa,2012-07-25T12:00:00Z,2012-07-25T11:05:00Z,30785.0,1080.0,229.85,31.8600,-106.7000,37.1
72364,Santa Teresa,2012-07-25T12:00:00Z,2012-07-25T11:05:00Z,31212.0,1010.0,232.65,31.8600,-106.7000,34.8
72364,Santa Teresa,2012-07-25T12:00:00Z,2012-07-25T11:05:00Z,31280.0,1000.0,232.45,31.8600,-106.7000,34.5
72364,Santa Teresa,2012-07-25T12:00:00Z,2012-07-25T11:05:00Z,31699.0,940.0,232.25,31.8600,-106.7000,28.8
72364,Santa Teresa,2012-07-25T12:00:00Z,2012-07-25T11:05:00Z,31701.0,940.0,232.25,31.8600,-106.7000,
72364,Santa Teresa,2012-10-14T12:00:00Z,2012-10-14T11:08:00Z,1252.0,88000.0,284.55,31.8600,-106.7000,2.6
72364,Santa Teresa,2012-10-14T12:00:00Z,2012-10-14T11:08:00Z,1261.0,87900.0,284.75,31.8600,-106.7000,2.9
72364,Santa Teresa,2012-10-14T12:00:00Z,2012-10-14T11:08:00Z,1328.0,87200.0,287.55,31.8600,-106.7000,5.0
72364,Santa Teresa,2012-10-14T12:00:00Z,2012-10-14T11:08:00Z,1426.0,86200.0,289.15,31.8600,-106.7000,8.2
72364,Santa Teresa,2012-10-14T12:00:00Z,2012-10-14T11:08:00Z,1524.0,85200.0,288.95,31.8600,-106.7000,11.3
72364,Santa Teresa,2012-10-14T12:00:00Z,2012-10-14T11:08:00Z,1544.0,85000.0,288.95,31.8600,-106.7000,9.8
72364,Santa Teresa,2012-10-14T12:00:00Z,2012-10-14T11:08:00Z,1695.0,83500.0,288.75,31.8600,-106.7000,10.1
72364,Santa Teresa,2012-10-14T12:00:00Z,2012-10-14T11:08:00Z,1829.0,82180.0,288.05,31.8600,-106.7000,10.3
72364,Santa Teresa,2012-10-14T12:00:00Z,2012-10-14T11:08:00Z,2134.0,79250.0,286.65,31.8600,-106.7000,5.7
72364,Santa Teresa,2012-10-14T12:00:00Z,2012-10-14T11:08:00Z,2355.0,77200.0,285.55,31.8600,-106.7000,3.4
72364,Santa Teresa,2012-10-14T12:00:00Z,2012-10-14T11:08:00Z,2438.0,76430.0,284.95,31.8600,-106.7000,2.6
72364,Santa Teresa,2012-10-14T12:00:00Z,2012-10-14T11:08:00Z,2743.0,73680.0,282.65,31.8600,-106.7000,1.0
72364,Santa Teresa,2012-10-14T12:00:00Z,2012-10-14T11:08:00Z,2969.0,71700.0,280.95,31.8600,-106.7000,3.2
72364,Santa Teresa,2012-10-14T12:00:00Z,2012-10-14T11:08:00Z,3166.0,70000.0,280.55,31.8600,-106.7000,5.2
72364,Santa Teresa,2012-10-14T12:00:00Z,2012-10-14T11:08:00Z,3190.0,69800.0,280.55,31.8600,-106.7000,5.2
72364,Santa Teresa,2012-10-14T12:00:00Z,2012-10-14T11:08:00Z,3574.0,66600.0,278.15,31.8600,-106.7000,5.6
72364,Santa Teresa,2012-10-14T12:00:00Z,2012-10-14T11:08:00Z,3658.0,65920.0,278.15,31.8600,-106.7000,5.7
72364,Santa Teresa,2012-10-14T12:00:00Z,2012-10-14T11:08:00Z,3735.0,65300.0,278.15,31.8600,-106.7000,5.7
72364,Santa Teresa,2012-10-14T12:00:00Z,2012-10-14T11:08:00Z,4078.0,62600.0,275.55,31.8600,-106.7000,6.0
72364,Santa Teresa,2012-10-14T12:00:00Z,2012-10-14T11:08:00Z,4267.0,61130.0,274.15,31.8600,-106.7000,6.2
72364,Santa Teresa,2012-10-14T12:00:00Z,2012-10-14T11:08:00Z,4572.0,58830.0,271.95,31.8600,-106.7000,8.2
72364,Santa Teresa,2012-10-14T12:00:00Z,2012-10-14T11:08:00Z,4877.0,56610.0,269.75,31.8600,-106.7000,6.7
72364,Santa Teresa,2012-10-14T12:00:00Z,2012-10-14T11:08:00Z,5182.0,54480.0,267.55,31.8600,-106.7000,6.2
72364,Santa Teresa,2012-10-14T12:00:00Z,2012-10-14T11:08:00Z,5282.0,53800.0,266.85,31.8600,-106.7000,6.5
72364,Santa Teresa,2012-10-14T12:00:00Z,2012-10-14T11:08:00Z,5486.0,52400.0,265.05,31.8600,-106.7000,7.2
72364,Santa Teresa,2012-10-14T12:00:00Z,2012-10-14T11:08:00Z,5791.0,50380.0,262.35,31.8600,-106.7000,9.3
72364,Santa Teresa,2012-10-14T12:00:00Z,2012-10-14T11:08:00Z,5850.0,50000.0,261.85,31.8600,-106.7000,9.8
72364,Santa Teresa,2012-10-14T12:00:00Z,2012-10-14T11:08:00Z,6096.0,48410.0,259.85,31.8600,-106.7000,9.3
72364,Santa Teresa,2012-10-14T12:00:00Z,2012-10-14T11:08:00Z,6401.0,46510.0,257.35,31.8600,-106.7000,9.8
72364,Santa Teresa,2012-10-14T12:00:00Z,2012-10-14T11:08:00Z,6418.0,46400.0,257.25,31.8600,-106.7000,10.0
72364,Santa Teresa,2012-10-14T12:00:00Z,2012-10-14T11:08:00Z,6706.0,44660.0,257.55,31.8600,-106.7000,13.9
72364,Santa Teresa,2012-10-14T12:00:00Z,2012-10-14T11:08:00Z,6836.0,43900.0,257.65,31.8600,-106.7000,14.1
72364,Santa Teresa,2012-10-14T12:00:00Z,2012-10-14T11:08:00Z,7530.0,40000.0,251.45,31.8600,-106.7000,14.9
72364,Santa Teresa,2012-10-14T12:00:00Z,2012-10-14T11:08:00Z,7620.0,39510.0,250.65,31.8600,-106.7000,14.4
72364,Santa Teresa,2012-10-14T12:00:00Z,2012-10-14T11:08:00Z,8230.0,36310.0,245.35,31.8600,-106.7000,16.5
72364,Santa Teresa,2012-10-14T12:00:00Z,2012-10-14T11:08:00Z,8516.0,34900.0,242.85,31.8600,-106.7000,16.8
72364,Santa Teresa,2012-10-14T12:00:00Z,2012-10-14T11:08:00Z,9144.0,31910.0,237.05,31.8600,-106.7000,17.5
72364,Santa Teresa,2012-10-14T12:00:00Z,2012-10-14T11:08:00Z,9256.0,31400.0,236.05,31.8600,-106.7000,19.8
72364,Santa Teresa,2012-10-14T12:00:00Z,2012-10-14T11:08:00Z,9456.0,30500.0,235.25,31.8600,-106.7000,23.9
72364,Santa Teresa,2012-10-14T12:00:00Z,2012-10-14T11:08:00Z,9570.0,30000.0,234.45,31.8600,-106.7000,26.2
72364,Santa Teresa,2012-10-14T12:00:00Z,2012-10-14T11:08:00Z,9966.0,28300.0,231.45,31.8600,-106.7000,29.2
72364,Santa Teresa,2012-10-14T12:00:00Z,2012-10-14T11:08:00Z,10308.0,26900.0,230.25,31.8600,-106.7000,31.8
72364,Santa Teresa,2012-10-14T12:00:00Z,2012-10-14T11:08:00Z,10614.0,25700.0,230.25,31.8600,-106.7000,34.1
72364,Santa Teresa,2012-10-14T12:00:00Z,2012-10-14T11:08:00Z,10668.0,25490.0,230.65,31.8600,-106.7000,34.5
72364,Santa Teresa,2012-10-14T12:00:00Z,2012-10-14T11:08:00Z,10746.0,25200.0,231.25,31.8600,-106.7000,39.7
72364,Santa Teresa,2012-10-14T12:00:00Z,2012-10-14T11:08:00Z,10800.0,25000.0,231.25,31.8600,-106.7000,43.2
72364,Santa Teresa,2012-10-14T12:00:00Z,2012-10-14T11:08:00Z,10882.0,24700.0,230.85,31.8600,-106.7000,45.4
72364,Santa Teresa,2012-10-14T12:00:00Z,2012-10-14T11:08:00Z,11278.0,23270.0,228.35,31.8600,-106.7000,56.1
72364,Santa Teresa,2012-10-14T12:00:00Z,2012-10-14T11:08:00Z,11383.0,22900.0,227.65,31.8600,-106.7000,56.1
72364,Santa Teresa,2012-10-14T12:00:00Z,2012-10-14T11:08:00Z,12215.0,20200.0,222.45,31.8600,-106.7000,55.6
72364,Santa Teresa,2012-10-14T12:00:00Z,2012-10-14T11:08:00Z,12280.0,20000.0,221.85,31.8600,-106.7000,55.6
72364,Santa Teresa,2012-10-14T12:00:00Z,2012-10-14T11:08:00Z,13106.0,17570.0,214.55,31.8600,-106.7000,54.0
72364,Santa Teresa,2012-10-14T12:00:00Z,2012-10-14T11:08:00Z,13316.0,17000.0,212.65,31.8600,-106.7000,50.2
72364,Santa Teresa,2012-10-14T12:00:00Z,2012-10-14T11:08:00Z,13770.0,15800.0,210.05,31.8600,-106.7000,41.6
72364,Santa Teresa,2012-10-14T12:00:00Z,2012-10-14T11:08:00Z,13928.0,15400.0,210.25,31.8600,-106.7000,38.6
72364,Santa Teresa,2012-10-14T12:00:00Z,2012-10-14T11:08:00Z,14090.0,15000.0,208.85,31.8600,-106.7000,35.5
72364,Santa Teresa,2012-10-14T12:00:00Z,2012-10-14T11:08:00Z,14326.0,14430.0,207.25,31.8600,-106.7000,29.3
72364,Santa Teresa,2012-10-14T12:00:00Z,2012-10-14T11:08:00Z,14381.0,14300.0,206.85,31.8600,-106.7000,29.2
72364,Santa Teresa,2012-10-14T12:00:00Z,2012-10-14T11:08:00Z,14685.0,13600.0,206.65,31.8600,-106.7000,28.7
72364,Santa Teresa,2012-10-14T12:00:00Z,2012-10-14T11:08:00Z,14866.0,13200.0,208.05,31.8600,-106.7000,28.4
72364,Santa Teresa,2012-10-14T12:00:00Z,2012-10-14T11:08:00Z,15149.0,12600.0,206.05,31.8600,-106.7000,28.0
72364,Santa Teresa,2012-10-14T12:00:00Z,2012-10-14T11:08:00Z,15240.0,12410.0,205.95,31.8600,-106.7000,27.8
72364,Santa Teresa,2012-10-14T12:00:00Z,2012-10-14T11:08:00Z,15393.0,12100.0,205.65,31.8600,-106.7000,28.1
72364,Santa Teresa,2012-10-14T12:00:00Z,2012-10-14T11:08:00Z,15493.0,11900.0,206.25,31.8600,-106.7000,28.2
72364,Santa Teresa,2012-10-14T12:00:00Z,2012-10-14T11:08:00Z,15699.0,11500.0,205.45,31.8600,-106.7000,28.6
72364,Santa Teresa,2012-10-14T12:00:00Z,2012-10-14T11:08:00Z,15850.0,11210.0,204.35,31.8600,-106.7000,28.8
72364,Santa Teresa,2012-10-14T12:00:00Z,2012-10-14T11:08:00Z,16242.0,10500.0,201.65,31.8600,-106.7000,23.7
72364,Santa Teresa,2012-10-14T12:00:00Z,2012-10-14T11:08:00Z,16530.0,10000.0,201.45,31.8600,-106.7000,13.9
72364,Santa Teresa,2012-10-14T12:00:00Z,2012-10-14T11:08:00Z,16910.0,9380.0,203.85,31.8600,-106.7000,14.6
72364,Santa Teresa,2012-10-14T12:00:00Z,2012-10-14T11:08:00Z,17301.0,8780.0,201.25,31.8600,-106.7000,15.3
72364,Santa Teresa,2012-10-14T12:00:00Z,2012-10-14T11:08:00Z,17983.0,7820.0,201.35,31.8600,-106.7000,16.5
72364,Santa Teresa,2012-10-14T12:00:00Z,2012-10-14T11:08:00Z,18246.0,7480.0,201.45,31.8600,-106.7000,14.7
72364,Santa Teresa,2012-10-14T12:00:00Z,2012-10-14T11:08:00Z,18288.0,7430.0,202.45,31.8600,-106.7000,14.4
72364,Santa Teresa,2012-10-14T12:00:00Z,2012-10-14T11:08:00Z,18325.0,7380.0,203.25,31.8600,-106.7000,14.1
72364,Santa Teresa,2012-10-14T12:00:00Z,2012-10-14T11:08:00Z,18593.0,7060.0,203.45,31.8600,-106.7000,11.8
72364,Santa Teresa,2012-10-14T12:00:00Z,2012-10-14T11:08:00Z,18615.0,7030.0,203.45,31.8600,-106.7000,11.6
72364,Santa Teresa,2012-10-14T12:00:00Z,2012-10-14T11:08:00Z,18640.0,7000.0,203.85,31.8600,-106.7000,11.3
72364,Santa Teresa,2012-10-14T12:00:00Z,2012-10-14T11:08:00Z,18700.0,6930.0,205.65,31.8600,-106.7000,10.2
72364,Santa Teresa,2012-10-14T12:00:00Z,2012-10-14T11:08:00Z,18949.0,6650.0,205.85,31.8600,-106.7000,5.4
72364,Santa Teresa,2012-10-14T12:00:00Z,2012-10-14T11:08:00Z,19144.0,6440.0,208.25,31.8600,-106.7000,1.6
72364,Santa Teresa,2012-10-14T12:00:00Z,2012-10-14T11:08:00Z,19202.0,6380.0,207.85,31.8600,-106.7000,0.5
72364,Santa Teresa,2012-10-14T12:00:00Z,2012-10-14T11:08:00Z,19532.0,6040.0,205.65,31.8600,-106.7000,2.9
72364,Santa Teresa,2012-10-14T12:00:00Z,2012-10-14T11:08:00Z,19894.0,5690.0,207.85,31.8600,-106.7000,5.6
72364,Santa Teresa,2012-10-14T12:00:00Z,2012-10-14T11:08:00Z,20117.0,5480.0,207.55,31.8600,-106.7000,7.2
72364,Santa Teresa,2012-10-14T12:00:00Z,2012-10-14T11:08:00Z,20422.0,5220.0,207.05,31.8600,-106.7000,0.5
72364,Santa Teresa,2012-10-14T12:00:00Z,2012-10-14T11:08:00Z,20441.0,5200.0,207.05,31.8600,-106.7000,0.6
72364,Santa Teresa,2012-10-14T12:00:00Z,2012-10-14T11:08:00Z,20680.0,5000.0,208.45,31.8600,-106.7000,1.5
72364,Santa Teresa,2012-10-14T12:00:00Z,2012-10-14T11:08:00Z,20980.0,4760.0,208.85,31.8600,-106.7000,1.8
72364,Santa Teresa,2012-10-14T12:00:00Z,2012-10-14T11:08:00Z,21336.0,4490.0,213.85,31.8600,-106.7000,2.1
72364,Santa Teresa,2012-10-14T12:00:00Z,2012-10-14T11:08:00Z,21411.0,4440.0,214.85,31.8600,-106.7000,1.8
72364,Santa Teresa,2012-10-14T12:00:00Z,2012-10-14T11:08:00Z,21641.0,4280.0,214.45,31.8600,-106.7000,1.0
72364,Santa Teresa,2012-10-14T12:00:00Z,2012-10-14T11:08:00Z,21946.0,4080.0,213.95,31.8600,-106.7000,10.3
72364,Santa Teresa,2012-10-14T12:00:00Z,2012-10-14T11:08:00Z,22535.0,3710.0,213.05,31.8600,-106.7000,8.3
72364,Santa Teresa,2012-10-14T12:00:00Z,2012-10-14T11:08:00Z,22555.0,3700.0,213.25,31.8600,-106.7000,8.2
72364,Santa Teresa,2012-10-14T12:00:00Z,2012-10-14T11:08:00Z,23046.0,3420.0,216.85,31.8600,-106.7000,7.4
72364,Santa Teresa,2012-10-14T12:00:00Z,2012-10-14T11:08:00Z,23165.0,3360.0,216.95,31.8600,-106.7000,7.2
72364,Santa Teresa,2012-10-14T12:00:00Z,2012-10-14T11:08:00Z,23408.0,3230.0,217.05,31.8600,-106.7000,9.3
72364,Santa Teresa,2012-10-14T12:00:00Z,2012-10-14T11:08:00Z,23470.0,3200.0,217.45,31.8600,-106.7000,9.8
72364,Santa Teresa,2012-10-14T12:00:00Z,2012-10-14T11:08:00Z,23712.0,3080.0,219.05,31.8600,-106.7000,14.3
72364,Santa Teresa,2012-10-14T12:00:00Z,2012-10-14T11:08:00Z,23774.0,3050.0,218.95,31.8600,-106.7000,15.4
72364,Santa Teresa,2012-10-14T12:00:00Z,2012-10-14T11:08:00Z,23880.0,3000.0,218.65,31.8600,-106.7000,14.9
72364,Santa Teresa,2012-10-14T12:00:00Z,2012-10-14T11:08:00Z,24079.0,2910.0,218.35,31.8600,-106.7000,10.3
72364,Santa Teresa,2012-10-14T12:00:00Z,2012-10-14T11:08:00Z,24384.0,2770.0,217.75,31.8600,-106.7000,7.2
72364,Santa Teresa,2012-10-14T12:00:00Z,2012-10-14T11:08:00Z,24994.0,2520.0,216.65,31.8600,-106.7000,1.0
72364,Santa Teresa,2012-10-14T12:00:00Z,2012-10-14T11:08:00Z,25248.0,2420.0,216.25,31.8600,-106.7000,2.7
72364,Santa Teresa,2012-10-14T12:00:00Z,2012-10-14T11:08:00Z,25768.0,2230.0,218.25,31.8600,-106.7000,6.3
72364,Santa Teresa,2012-10-14T12:00:00Z,2012-10-14T11:08:00Z,25908.0,2180.0,217.85,31.8600,-106.7000,7.2
72364,Santa Teresa,2012-10-14T12:00:00Z,2012-10-14T11:08:00Z,25971.0,2160.0,217.65,31.8600,-106.7000,
72364,Santa Teresa,2012-10-15T00:00:00Z,2012-10-14T23:03:00Z,1252.0,87900.0,298.55,31.8600,-106.7000,4.6
72364,Santa Teresa,2012-10-15T00:00:00Z,2012-10-14T23:03:00Z,1433.0,86100.0,296.15,31.8600,-106.7000,5.0
72364,Santa Teresa,2012-10-15T00:00:00Z,2012-10-14T23:03:00Z,1544.0,85000.0,294.75,31.8600,-106.7000,5.2
72364,Santa Teresa,2012-10-15T00:00:00Z,2012-10-14T23:03:00Z,1615.0,84300.0,293.95,31.8600,-106.7000,4.8
72364,Santa Teresa,2012-10-15T00:00:00Z,2012-10-14T23:03:00Z,1829.0,82180.0,291.95,31.8600,-106.7000,3.6
72364,Santa Teresa,2012-10-15T00:00:00Z,2012-10-14T23:03:00Z,2134.0,79260.0,289.15,31.8600,-106.7000,6.2
72364,Santa Teresa,2012-10-15T00:00:00Z,2012-10-14T23:03:00Z,2438.0,76440.0,286.35,31.8600,-106.7000,5.2
72364,Santa Teresa,2012-10-15T00:00:00Z,2012-10-14T23:03:00Z,2743.0,73720.0,283.55,31.8600,-106.7000,5.2
72364,Santa Teresa,2012-10-15T00:00:00Z,2012-10-14T23:03:00Z,3130.0,70400.0,279.95,31.8600,-106.7000,3.8
72364,Santa Teresa,2012-10-15T00:00:00Z,2012-10-14T23:03:00Z,3177.0,70000.0,280.35,31.8600,-106.7000,3.6
72364,Santa Teresa,2012-10-15T00:00:00Z,2012-10-14T23:03:00Z,3224.0,69600.0,280.95,31.8600,-106.7000,3.5
72364,Santa Teresa,2012-10-15T00:00:00Z,2012-10-14T23:03:00Z,3367.0,68400.0,280.55,31.8600,-106.7000,3.0
72364,Santa Teresa,2012-10-15T00:00:00Z,2012-10-14T23:03:00Z,3658.0,65970.0,278.45,31.8600,-106.7000,2.1
72364,Santa Teresa,2012-10-15T00:00:00Z,2012-10-14T23:03:00Z,4267.0,61140.0,274.05,31.8600,-106.7000,3.1
72364,Santa Teresa,2012-10-15T00:00:00Z,2012-10-14T23:03:00Z,4877.0,56670.0,269.65,31.8600,-106.7000,7.7
72364,Santa Teresa,2012-10-15T00:00:00Z,2012-10-14T23:03:00Z,5175.0,54600.0,267.45,31.8600,-106.7000,8.3
72364,Santa Teresa,2012-10-15T00:00:00Z,2012-10-14T23:03:00Z,5541.0,52100.0,265.85,31.8600,-106.7000,9.1
72364,Santa Teresa,2012-10-15T00:00:00Z,2012-10-14T23:03:00Z,5860.0,50000.0,263.05,31.8600,-106.7000,9.8
72364,Santa Teresa,2012-10-15T00:00:00Z,2012-10-14T23:03:00Z,5922.0,49600.0,262.65,31.8600,-106.7000,9.5
72364,Santa Teresa,2012-10-15T00:00:00Z,2012-10-14T23:03:00Z,6096.0,48480.0,261.95,31.8600,-106.7000,8.8
72364,Santa Teresa,2012-10-15T00:00:00Z,2012-10-14T23:03:00Z,6382.0,46700.0,260.85,31.8600,-106.7000,7.6
72364,Santa Teresa,2012-10-15T00:00:00Z,2012-10-14T23:03:00Z,6706.0,44730.0,258.05,31.8600,-106.7000,6.2
72364,Santa Teresa,2012-10-15T00:00:00Z,2012-10-14T23:03:00Z,7251.0,41600.0,253.45,31.8600,-106.7000,10.5
72364,Santa Teresa,2012-10-15T00:00:00Z,2012-10-14T23:03:00Z,7540.0,40000.0,250.85,31.8600,-106.7000,12.9
72364,Santa Teresa,2012-10-15T00:00:00Z,2012-10-14T23:03:00Z,7620.0,39560.0,250.05,31.8600,-106.7000,12.4
72364,Santa Teresa,2012-10-15T00:00:00Z,2012-10-14T23:03:00Z,8068.0,37200.0,245.45,31.8600,-106.7000,12.7
72364,Santa Teresa,2012-10-15T00:00:00Z,2012-10-14T23:03:00Z,8230.0,36370.0,245.05,31.8600,-106.7000,12.9
72364,Santa Teresa,2012-10-15T00:00:00Z,2012-10-14T23:03:00Z,8343.0,35800.0,244.85,31.8600,-106.7000,14.5
72364,Santa Teresa,2012-10-15T00:00:00Z,2012-10-14T23:03:00Z,8839.0,33390.0,241.35,31.8600,-106.7000,21.6
72364,Santa Teresa,2012-10-15T00:00:00Z,2012-10-14T23:03:00Z,8987.0,32700.0,240.25,31.8600,-106.7000,25.1
72364,Santa Teresa,2012-10-15T00:00:00Z,2012-10-14T23:03:00Z,9144.0,31980.0,239.45,31.8600,-106.7000,28.8
72364,Santa Teresa,2012-10-15T00:00:00Z,2012-10-14T23:03:00Z,9590.0,30000.0,237.05,31.8600,-106.7000,37.1
72364,Santa Teresa,2012-10-15T00:00:00Z,2012-10-14T23:03:00Z,9993.0,28300.0,234.45,31.8600,-106.7000,40.5
72364,Santa Teresa,2012-10-15T00:00:00Z,2012-10-14T23:03:00Z,10342.0,26900.0,233.85,31.8600,-106.7000,43.6
72364,Santa Teresa,2012-10-15T00:00:00Z,2012-10-14T23:03:00Z,10363.0,26820.0,233.65,31.8600,-106.7000,43.8
72364,Santa Teresa,2012-10-15T00:00:00Z,2012-10-14T23:03:00Z,10840.0,25000.0,229.65,31.8600,-106.7000,44.8
72364,Santa Teresa,2012-10-15T00:00:00Z,2012-10-14T23:03:00Z,11683.0,22000.0,222.45,31.8600,-106.7000,48.6
72364,Santa Teresa,2012-10-15T00:00:00Z,2012-10-14T23:03:00Z,11924.0,21200.0,222.85,31.8600,-106.7000,49.7
72364,Santa Teresa,2012-10-15T00:00:00Z,2012-10-14T23:03:00Z,12300.0,20000.0,219.65,31.8600,-106.7000,51.5
72364,Santa Teresa,2012-10-15T00:00:00Z,2012-10-14T23:03:00Z,13106.0,17600.0,213.65,31.8600,-106.7000,54.6
72364,Santa Teresa,2012-10-15T00:00:00Z,2012-10-14T23:03:00Z,13144.0,17500.0,213.45,31.8600,-106.7000,54.6
72364,Santa Teresa,2012-10-15T00:00:00Z,2012-10-14T23:03:00Z,13515.0,16500.0,210.65,31.8600,-106.7000,50.1
72364,Santa Teresa,2012-10-15T00:00:00Z,2012-10-14T23:03:00Z,14100.0,15000.0,207.05,31.8600,-106.7000,42.7
72364,Santa Teresa,2012-10-15T00:00:00Z,2012-10-14T23:03:00Z,14222.0,14700.0,206.65,31.8600,-106.7000,41.9
72364,Santa Teresa,2012-10-15T00:00:00Z,2012-10-14T23:03:00Z,14389.0,14300.0,207.05,31.8600,-106.7000,40.7
72364,Santa Teresa,2012-10-15T00:00:00Z,2012-10-14T23:03:00Z,15197.0,12500.0,203.65,31.8600,-106.7000,35.0
72364,Santa Teresa,2012-10-15T00:00:00Z,2012-10-14T23:03:00Z,15240.0,12410.0,203.75,31.8600,-106.7000,35.0
72364,Santa Teresa,2012-10-15T00:00:00Z,2012-10-14T23:03:00Z,15490.0,11900.0,204.65,31.8600,-106.7000,33.3
72364,Santa Teresa,2012-10-15T00:00:00Z,2012-10-14T23:03:00Z,15545.0,11790.0,204.45,31.8600,-106.7000,33.0
72364,Santa Teresa,2012-10-15T00:00:00Z,2012-10-14T23:03:00Z,15799.0,11300.0,203.45,31.8600,-106.7000,29.1
72364,Santa Teresa,2012-10-15T00:00:00Z,2012-10-14T23:03:00Z,15960.0,11000.0,206.05,31.8600,-106.7000,26.7
72364,Santa Teresa,2012-10-15T00:00:00Z,2012-10-14T23:03:00Z,16182.0,10600.0,204.45,31.8600,-106.7000,23.3
72364,Santa Teresa,2012-10-15T00:00:00Z,2012-10-14T23:03:00Z,16412.0,10200.0,204.05,31.8600,-106.7000,19.8
72364,Santa Teresa,2012-10-15T00:00:00Z,2012-10-14T23:03:00Z,16530.0,10000.0,204.85,31.8600,-106.7000,18.0
72364,Santa Teresa,2012-10-15T00:00:00Z,2012-10-14T23:03:00Z,17066.0,9140.0,201.05,31.8600,-106.7000,15.8
72364,Santa Teresa,2012-10-15T00:00:00Z,2012-10-14T23:03:00Z,17815.0,8050.0,201.25,31.8600,-106.7000,12.7
72364,Santa Teresa,2012-10-15T00:00:00Z,2012-10-14T23:03:00Z,18049.0,7740.0,203.25,31.8600,-106.7000,11.8
72364,Santa Teresa,2012-10-15T00:00:00Z,2012-10-14T23:03:00Z,18288.0,7440.0,203.75,31.8600,-106.7000,10.8
72364,Santa Teresa,2012-10-15T00:00:00Z,2012-10-14T23:03:00Z,18616.0,7040.0,204.45,31.8600,-106.7000,7.5
72364,Santa Teresa,2012-10-15T00:00:00Z,2012-10-14T23:03:00Z,18650.0,7000.0,204.25,31.8600,-106.7000,7.2
72364,Santa Teresa,2012-10-15T00:00:00Z,2012-10-14T23:03:00Z,19009.0,6590.0,202.25,31.8600,-106.7000,6.2
72364,Santa Teresa,2012-10-15T00:00:00Z,2012-10-14T23:03:00Z,19427.0,6140.0,202.25,31.8600,-106.7000,5.0
72364,Santa Teresa,2012-10-15T00:00:00Z,2012-10-14T23:03:00Z,19694.0,5870.0,203.85,31.8600,-106.7000,4.3
72364,Santa Teresa,2012-10-15T00:00:00Z,2012-10-14T23:03:00Z,19979.0,5600.0,210.65,31.8600,-106.7000,3.5
72364,Santa Teresa,2012-10-15T00:00:00Z,2012-10-14T23:03:00Z,20117.0,5480.0,211.35,31.8600,-106.7000,3.1
72364,Santa Teresa,2012-10-15T00:00:00Z,2012-10-14T23:03:00Z,20226.0,5380.0,211.85,31.8600,-106.7000,4.0
72364,Santa Teresa,2012-10-15T00:00:00Z,2012-10-14T23:03:00Z,20422.0,5210.0,211.85,31.8600,-106.7000,5.7
72364,Santa Teresa,2012-10-15T00:00:00Z,2012-10-14T23:03:00Z,20680.0,5000.0,211.85,31.8600,-106.7000,7.2
72364,Santa Teresa,2012-10-15T00:00:00Z,2012-10-14T23:03:00Z,20726.0,4960.0,211.85,31.8600,-106.7000,6.7
72364,Santa Teresa,2012-10-15T00:00:00Z,2012-10-14T23:03:00Z,21031.0,4730.0,211.85,31.8600,-106.7000,5.7
72364,Santa Teresa,2012-10-15T00:00:00Z,2012-10-14T23:03:00Z,21336.0,4500.0,211.85,31.8600,-106.7000,5.7
72364,Santa Teresa,2012-10-15T00:00:00Z,2012-10-14T23:03:00Z,21489.0,4390.0,211.85,31.8600,-106.7000,5.9
72364,Santa Teresa,2012-10-15T00:00:00Z,2012-10-14T23:03:00Z,21641.0,4280.0,212.75,31.8600,-106.7000,6.2
72364,Santa Teresa,2012-10-15T00:00:00Z,2012-10-14T23:03:00Z,21780.0,4190.0,213.65,31.8600,-106.7000,7.6
72364,Santa Teresa,2012-10-15T00:00:00Z,2012-10-14T23:03:00Z,22250.0,3890.0,211.45,31.8600,-106.7000,12.4
72364,Santa Teresa,2012-10-15T00:00:00Z,2012-10-14T23:03:00Z,22324.0,3840.0,211.05,31.8600,-106.7000,12.0
72364,Santa Teresa,2012-10-15T00:00:00Z,2012-10-14T23:03:00Z,22555.0,3700.0,212.65,31.8600,-106.7000,10.8
72364,Santa Teresa,2012-10-15T00:00:00Z,2012-10-14T23:03:00Z,22860.0,3520.0,214.65,31.8600,-106.7000,7.2
72364,Santa Teresa,2012-10-15T00:00:00Z,2012-10-14T23:03:00Z,22885.0,3510.0,214.85,31.8600,-106.7000,7.1
72364,Santa Teresa,2012-10-15T00:00:00Z,2012-10-14T23:03:00Z,23470.0,3200.0,213.25,31.8600,-106.7000,5.7
72364,Santa Teresa,2012-10-15T00:00:00Z,2012-10-14T23:03:00Z,23705.0,3080.0,212.65,31.8600,-106.7000,3.8
72364,Santa Teresa,2012-10-15T00:00:00Z,2012-10-14T23:03:00Z,23870.0,3000.0,214.25,31.8600,-106.7000,2.6
72364,Santa Teresa,2012-10-15T00:00:00Z,2012-10-14T23:03:00Z,24079.0,2900.0,214.95,31.8600,-106.7000,0.5
72364,Santa Teresa,2012-10-15T00:00:00Z,2012-10-14T23:03:00Z,24104.0,2890.0,215.05,31.8600,-106.7000,0.9
72364,Santa Teresa,2012-10-15T00:00:00Z,2012-10-14T23:03:00Z,24384.0,2760.0,214.55,31.8600,-106.7000,5.7
72364,Santa Teresa,2012-10-15T00:00:00Z,2012-10-14T23:03:00Z,24461.0,2730.0,214.45,31.8600,-106.7000,6.7
72364,Santa Teresa,2012-10-15T00:00:00Z,2012-10-14T23:03:00Z,24672.0,2640.0,217.25,31.8600,-106.7000,9.6
72364,Santa Teresa,2012-10-15T00:00:00Z,2012-10-14T23:03:00Z,24689.0,2630.0,217.35,31.8600,-106.7000,9.8
72364,Santa Teresa,2012-10-15T00:00:00Z,2012-10-14T23:03:00Z,25174.0,2440.0,219.85,31.8600,-106.7000,11.8
72364,Santa Teresa,2012-10-15T00:00:00Z,2012-10-14T23:03:00Z,25298.0,2390.0,219.85,31.8600,-106.7000,12.4
72364,Santa Teresa,2012-10-15T00:00:00Z,2012-10-14T23:03:00Z,25603.0,2280.0,219.85,31.8600,-106.7000,8.2
72364,Santa Teresa,2012-10-15T00:00:00Z,2012-10-14T23:03:00Z,25908.0,2180.0,219.85,31.8600,-106.7000,9.8
72364,Santa Teresa,2012-10-15T00:00:00Z,2012-10-14T23:03:00Z,26450.0,2000.0,219.85,31.8600,-106.7000,7.2
72364,Santa Teresa,2012-10-15T00:00:00Z,2012-10-14T23:03:00Z,26518.0,1980.0,219.65,31.8600,-106.7000,7.2
72364,Santa Teresa,2012-10-15T00:00:00Z,2012-10-14T23:03:00Z,26712.0,1920.0,219.25,31.8600,-106.7000,6.7
72364,Santa Teresa,2012-10-15T00:00:00Z,2012-10-14T23:03:00Z,27127.0,1800.0,221.05,31.8600,-106.7000,5.7
72364,Santa Teresa,2012-10-15T00:00:00Z,2012-10-14T23:03:00Z,27432.0,1720.0,222.35,31.8600,-106.7000,6.7
72364,Santa Teresa,2012-10-15T00:00:00Z,2012-10-14T23:03:00Z,28042.0,1570.0,225.05,31.8600,-106.7000,6.7
72364,Santa Teresa,2012-10-15T00:00:00Z,2012-10-14T23:03:00Z,28234.0,1520.0,225.85,31.8600,-106.7000,5.1
72364,Santa Teresa,2012-10-15T00:00:00Z,2012-10-14T23:03:00Z,28346.0,1490.0,225.75,31.8600,-106.7000,4.1
72364,Santa Teresa,2012-10-15T00:00:00Z,2012-10-14T23:03:00Z,28651.0,1430.0,225.45,31.8600,-106.7000,6.7
72364,Santa Teresa,2012-10-15T00:00:00Z,2012-10-14T23:03:00Z,29261.0,1300.0,224.75,31.8600,-106.7000,13.9
72364,Santa Teresa,2012-10-15T00:00:00Z,2012-10-14T23:03:00Z,29566.0,1240.0,224.45,31.8600,-106.7000,9.3
72364,Santa Teresa,2012-10-15T00:00:00Z,2012-10-14T23:03:00Z,29575.0,1240.0,224.45,31.8600,-106.7000,9.2
72364,Santa Teresa,2012-10-15T00:00:00Z,2012-10-14T23:03:00Z,29870.0,1190.0,225.95,31.8600,-106.7000,6.7
72364,Santa Teresa,2012-10-15T00:00:00Z,2012-10-14T23:03:00Z,30131.0,1140.0,227.25,31.8600,-106.7000,10.7
72364,Santa Teresa,2012-10-15T00:00:00Z,2012-10-14T23:03:00Z,30175.0,1130.0,227.15,31.8600,-106.7000,11.3
72364,Santa Teresa,2012-10-15T00:00:00Z,2012-10-14T23:03:00Z,30480.0,1080.0,226.55,31.8600,-106.7000,6.7
72364,Santa Teresa,2012-10-15T00:00:00Z,2012-10-14T23:03:00Z,30785.0,1030.0,225.85,31.8600,-106.7000,2.1
72364,Santa Teresa,2012-10-15T00:00:00Z,2012-10-14T23:03:00Z,30804.0,1030.0,225.85,31.8600,-106.7000,2.2
72364,Santa Teresa,2012-10-15T00:00:00Z,2012-10-14T23:03:00Z,31000.0,1000.0,227.25,31.8600,-106.7000,4.1
72364,Santa Teresa,2012-10-15T00:00:00Z,2012-10-14T23:03:00Z,31706.0,900.0,230.65,31.8600,-106.7000,5.0
72364,Santa Teresa,2012-10-15T00:00:00Z,2012-10-14T23:03:00Z,32614.0,790.0,230.65,31.8600,-106.7000,6.2
72364,Santa Teresa,2012-10-15T00:00:00Z,2012-10-14T23:03:00Z,32759.0,770.0,230.65,31.8600,-106.7000,
72365,Albuquerque,2012-03-15T12:00:00Z,2012-03-15T11:02:00Z,1620.0,84100.0,278.75,35.0500,-106.6100,2.6
72365,Albuquerque,2012-03-15T12:00:00Z,2012-03-15T11:02:00Z,1708.0,83200.0,280.15,35.0500,-106.6100,1.9
72365,Albuquerque,2012-03-15T12:00:00Z,2012-03-15T11:02:00Z,1829.0,81990.0,281.95,35.0500,-106.6100,1.0
72365,Albuquerque,2012-03-15T12:00:00Z,2012-03-15T11:02:00Z,1970.0,80600.0,283.95,35.0500,-106.6100,1.7
72365,Albuquerque,2012-03-15T12:00:00Z,2012-03-15T11:02:00Z,2134.0,79020.0,282.95,35.0500,-106.6100,2.6
72365,Albuquerque,2012-03-15T12:00:00Z,2012-03-15T11:02:00Z,2136.0,79000.0,282.95,35.0500,-106.6100,2.6
72365,Albuquerque,2012-03-15T12:00:00Z,2012-03-15T11:02:00Z,2413.0,76400.0,282.95,35.0500,-106.6100,3.0
72365,Albuquerque,2012-03-15T12:00:00Z,2012-03-15T11:02:00Z,2438.0,76170.0,282.75,35.0500,-106.6100,3.1
72365,Albuquerque,2012-03-15T12:00:00Z,2012-03-15T11:02:00Z,2743.0,73390.0,280.25,35.0500,-106.6100,4.1
72365,Albuquerque,2012-03-15T12:00:00Z,2012-03-15T11:02:00Z,3130.0,70000.0,277.15,35.0500,-106.6100,3.6
72365,Albuquerque,2012-03-15T12:00:00Z,2012-03-15T11:02:00Z,3658.0,65540.0,272.85,35.0500,-106.6100,7.7
72365,Albuquerque,2012-03-15T12:00:00Z,2012-03-15T11:02:00Z,4089.0,62100.0,269.25,35.0500,-106.6100,11.7
72365,Albuquerque,2012-03-15T12:00:00Z,2012-03-15T11:02:00Z,4267.0,60720.0,268.05,35.0500,-106.6100,13.4
72365,Albuquerque,2012-03-15T12:00:00Z,2012-03-15T11:02:00Z,4269.0,60700.0,268.05,35.0500,-106.6100,13.4
72365,Albuquerque,2012-03-15T12:00:00Z,2012-03-15T11:02:00Z,4465.0,59200.0,266.25,35.0500,-106.6100,13.2
72365,Albuquerque,2012-03-15T12:00:00Z,2012-03-15T11:02:00Z,4531.0,58700.0,266.25,35.0500,-106.6100,13.2
72365,Albuquerque,2012-03-15T12:00:00Z,2012-03-15T11:02:00Z,4598.0,58200.0,266.25,35.0500,-106.6100,13.1
72365,Albuquerque,2012-03-15T12:00:00Z,2012-03-15T11:02:00Z,4693.0,57500.0,267.05,35.0500,-106.6100,13.0
72365,Albuquerque,2012-03-15T12:00:00Z,2012-03-15T11:02:00Z,4877.0,56150.0,265.65,35.0500,-106.6100,12.9
72365,Albuquerque,2012-03-15T12:00:00Z,2012-03-15T11:02:00Z,5457.0,52100.0,261.05,35.0500,-106.6100,14.2
72365,Albuquerque,2012-03-15T12:00:00Z,2012-03-15T11:02:00Z,5770.0,50000.0,258.45,35.0500,-106.6100,14.9
72365,Albuquerque,2012-03-15T12:00:00Z,2012-03-15T11:02:00Z,5791.0,49860.0,258.25,35.0500,-106.6100,16.0
72365,Albuquerque,2012-03-15T12:00:00Z,2012-03-15T11:02:00Z,6096.0,47860.0,255.75,35.0500,-106.6100,12.4
72365,Albuquerque,2012-03-15T12:00:00Z,2012-03-15T11:02:00Z,6555.0,45000.0,251.85,35.0500,-106.6100,11.8
72365,Albuquerque,2012-03-15T12:00:00Z,2012-03-15T11:02:00Z,6973.0,42500.0,249.05,35.0500,-106.6100,11.3
72365,Albuquerque,2012-03-15T12:00:00Z,2012-03-15T11:02:00Z,7410.0,40000.0,244.85,35.0500,-106.6100,10.8
72365,Albuquerque,2012-03-15T12:00:00Z,2012-03-15T11:02:00Z,7620.0,38840.0,243.05,35.0500,-106.6100,10.8
72365,Albuquerque,2012-03-15T12:00:00Z,2012-03-15T11:02:00Z,7665.0,38600.0,242.65,35.0500,-106.6100,10.5
72365,Albuquerque,2012-03-15T12:00:00Z,2012-03-15T11:02:00Z,7925.0,37180.0,240.55,35.0500,-106.6100,8.8
72365,Albuquerque,2012-03-15T12:00:00Z,2012-03-15T11:02:00Z,9144.0,31180.0,230.75,35.0500,-106.6100,2.1
72365,Albuquerque,2012-03-15T12:00:00Z,2012-03-15T11:02:00Z,9410.0,30000.0,228.65,35.0500,-106.6100,1.5
72365,Albuquerque,2012-03-15T12:00:00Z,2012-03-15T11:02:00Z,9754.0,28470.0,225.45,35.0500,-106.6100,1.0
72365,Albuquerque,2012-03-15T12:00:00Z,2012-03-15T11:02:00Z,10201.0,26600.0,221.25,35.0500,-106.6100,4.0
72365,Albuquerque,2012-03-15T12:00:00Z,2012-03-15T11:02:00Z,10600.0,25000.0,218.65,35.0500,-106.6100,6.7
72365,Albuquerque,2012-03-15T12:00:00Z,2012-03-15T11:02:00Z,10668.0,24730.0,218.15,35.0500,-106.6100,8.8
72365,Albuquerque,2012-03-15T12:00:00Z,2012-03-15T11:02:00Z,11267.0,22500.0,213.85,35.0500,-106.6100,15.1
72365,Albuquerque,2012-03-15T12:00:00Z,2012-03-15T11:02:00Z,11582.0,21390.0,212.25,35.0500,-106.6100,18.5
72365,Albuquerque,2012-03-15T12:00:00Z,2012-03-15T11:02:00Z,11667.0,21100.0,211.85,35.0500,-106.6100,18.0
72365,Albuquerque,2012-03-15T12:00:00Z,2012-03-15T11:02:00Z,12000.0,20000.0,212.65,35.0500,-106.6100,16.0
72365,Albuquerque,2012-03-15T12:00:00Z,2012-03-15T11:02:00Z,12031.0,19900.0,212.85,35.0500,-106.6100,16.3
72365,Albuquerque,2012-03-15T12:00:00Z,2012-03-15T11:02:00Z,12384.0,18800.0,212.25,35.0500,-106.6100,20.3
72365,Albuquerque,2012-03-15T12:00:00Z,2012-03-15T11:02:00Z,12484.0,18500.0,212.85,35.0500,-106.6100,21.5
72365,Albuquerque,2012-03-15T12:00:00Z,2012-03-15T11:02:00Z,12497.0,18460.0,212.85,35.0500,-106.6100,21.6
72365,Albuquerque,2012-03-15T12:00:00Z,2012-03-15T11:02:00Z,12793.0,17600.0,211.85,35.0500,-106.6100,18.6
72365,Albuquerque,2012-03-15T12:00:00Z,2012-03-15T11:02:00Z,13044.0,16900.0,212.65,35.0500,-106.6100,16.1
72365,Albuquerque,2012-03-15T12:00:00Z,2012-03-15T11:02:00Z,13193.0,16500.0,214.45,35.0500,-106.6100,14.6
72365,Albuquerque,2012-03-15T12:00:00Z,2012-03-15T11:02:00Z,13269.0,16300.0,213.85,35.0500,-106.6100,13.8
72365,Albuquerque,2012-03-15T12:00:00Z,2012-03-15T11:02:00Z,13411.0,15940.0,215.15,35.0500,-106.6100,12.4
72365,Albuquerque,2012-03-15T12:00:00Z,2012-03-15T11:02:00Z,13425.0,15900.0,215.25,35.0500,-106.6100,12.4
72365,Albuquerque,2012-03-15T12:00:00Z,2012-03-15T11:02:00Z,13716.0,15180.0,214.35,35.0500,-106.6100,13.9
72365,Albuquerque,2012-03-15T12:00:00Z,2012-03-15T11:02:00Z,13748.0,15100.0,214.25,35.0500,-106.6100,14.1
72365,Albuquerque,2012-03-15T12:00:00Z,2012-03-15T11:02:00Z,13790.0,15000.0,214.45,35.0500,-106.6100,14.4
72365,Albuquerque,2012-03-15T12:00:00Z,2012-03-15T11:02:00Z,13832.0,14900.0,214.85,35.0500,-106.6100,14.9
72365,Albuquerque,2012-03-15T12:00:00Z,2012-03-15T11:02:00Z,14091.0,14300.0,214.45,35.0500,-106.6100,18.2
72365,Albuquerque,2012-03-15T12:00:00Z,2012-03-15T11:02:00Z,14316.0,13800.0,216.85,35.0500,-106.6100,21.0
72365,Albuquerque,2012-03-15T12:00:00Z,2012-03-15T11:02:00Z,14326.0,13780.0,216.95,35.0500,-106.6100,21.1
72365,Albuquerque,2012-03-15T12:00:00Z,2012-03-15T11:02:00Z,14503.0,13400.0,217.85,35.0500,-106.6100,20.8
72365,Albuquerque,2012-03-15T12:00:00Z,2012-03-15T11:02:00Z,14894.0,12600.0,216.25,35.0500,-106.6100,20.1
72365,Albuquerque,2012-03-15T12:00:00Z,2012-03-15T11:02:00Z,15099.0,12200.0,217.05,35.0500,-106.6100,19.8
72365,Albuquerque,2012-03-15T12:00:00Z,2012-03-15T11:02:00Z,15240.0,11930.0,215.95,35.0500,-106.6100,19.6
72365,Albuquerque,2012-03-15T12:00:00Z,2012-03-15T11:02:00Z,15473.0,11500.0,214.25,35.0500,-106.6100,19.9
72365,Albuquerque,2012-03-15T12:00:00Z,2012-03-15T11:02:00Z,15583.0,11300.0,214.45,35.0500,-106.6100,20.0
72365,Albuquerque,2012-03-15T12:00:00Z,2012-03-15T11:02:00Z,15751.0,11000.0,213.45,35.0500,-106.6100,20.3
72365,Albuquerque,2012-03-15T12:00:00Z,2012-03-15T11:02:00Z,16344.0,10000.0,210.85,35.0500,-106.6100,21.1
72365,Albuquerque,2012-03-15T12:00:00Z,2012-03-15T11:02:00Z,18288.0,7280.0,207.75,35.0500,-106.6100,8.8
72365,Albuquerque,2012-03-15T12:00:00Z,2012-03-15T11:02:00Z,18333.0,7230.0,207.65,35.0500,-106.6100,8.3
72365,Albuquerque,2012-03-15T12:00:00Z,2012-03-15T11:02:00Z,18495.0,7040.0,208.65,35.0500,-106.6100,6.5
72365,Albuquerque,2012-03-15T12:00:00Z,2012-03-15T11:02:00Z,18530.0,7000.0,208.45,35.0500,-106.6100,6.2
72365,Albuquerque,2012-03-15T12:00:00Z,2012-03-15T11:02:00Z,18898.0,6580.0,205.85,35.0500,-106.6100,2.6
72365,Albuquerque,2012-03-15T12:00:00Z,2012-03-15T11:02:00Z,19455.0,6000.0,201.85,35.0500,-106.6100,6.8
72365,Albuquerque,2012-03-15T12:00:00Z,2012-03-15T11:02:00Z,19507.0,5950.0,201.95,35.0500,-106.6100,7.2
72365,Albuquerque,2012-03-15T12:00:00Z,2012-03-15T11:02:00Z,19625.0,5830.0,202.25,35.0500,-106.6100,6.4
72365,Albuquerque,2012-03-15T12:00:00Z,2012-03-15T11:02:00Z,19812.0,5650.0,204.95,35.0500,-106.6100,5.2
72365,Albuquerque,2012-03-15T12:00:00Z,2012-03-15T11:02:00Z,19930.0,5540.0,206.65,35.0500,-106.6100,5.9
72365,Albuquerque,2012-03-15T12:00:00Z,2012-03-15T11:02:00Z,20117.0,5370.0,205.65,35.0500,-106.6100,7.2
72365,Albuquerque,2012-03-15T12:00:00Z,2012-03-15T11:02:00Z,20185.0,5310.0,205.25,35.0500,-106.6100,7.2
72365,Albuquerque,2012-03-15T12:00:00Z,2012-03-15T11:02:00Z,20422.0,5110.0,208.05,35.0500,-106.6100,7.2
72365,Albuquerque,2012-03-15T12:00:00Z,2012-03-15T11:02:00Z,20526.0,5020.0,209.25,35.0500,-106.6100,8.9
72365,Albuquerque,2012-03-15T12:00:00Z,2012-03-15T11:02:00Z,20550.0,5000.0,209.45,35.0500,-106.6100,9.3
72365,Albuquerque,2012-03-15T12:00:00Z,2012-03-15T11:02:00Z,20726.0,4860.0,209.65,35.0500,-106.6100,12.9
72365,Albuquerque,2012-03-15T12:00:00Z,2012-03-15T11:02:00Z,21198.0,4500.0,210.25,35.0500,-106.6100,4.1
72365,Albuquerque,2012-03-15T12:00:00Z,2012-03-15T11:02:00Z,21336.0,4400.0,211.45,35.0500,-106.6100,1.5
72365,Albuquerque,2012-03-15T12:00:00Z,2012-03-15T11:02:00Z,21450.0,4320.0,212.45,35.0500,-106.6100,3.0
72365,Albuquerque,2012-03-15T12:00:00Z,2012-03-15T11:02:00Z,21820.0,4070.0,211.25,35.0500,-106.6100,7.7
72365,Albuquerque,2012-03-15T12:00:00Z,2012-03-15T11:02:00Z,21946.0,3990.0,212.35,35.0500,-106.6100,9.3
72365,Albuquerque,2012-03-15T12:00:00Z,2012-03-15T11:02:00Z,22054.0,3920.0,213.25,35.0500,-106.6100,10.0
72365,Albuquerque,2012-03-15T12:00:00Z,2012-03-15T11:02:00Z,22250.0,3800.0,213.15,35.0500,-106.6100,11.3
72365,Albuquerque,2012-03-15T12:00:00Z,2012-03-15T11:02:00Z,22555.0,3620.0,212.95,35.0500,-106.6100,8.2
72365,Albuquerque,2012-03-15T12:00:00Z,2012-03-15T11:02:00Z,22941.0,3400.0,212.65,35.0500,-106.6100,8.6
72365,Albuquerque,2012-03-15T12:00:00Z,2012-03-15T11:02:00Z,23165.0,3280.0,214.55,35.0500,-106.6100,8.8
72365,Albuquerque,2012-03-15T12:00:00Z,2012-03-15T11:02:00Z,23302.0,3210.0,215.65,35.0500,-106.6100,7.4
72365,Albuquerque,2012-03-15T12:00:00Z,2012-03-15T11:02:00Z,23470.0,3130.0,215.95,35.0500,-106.6100,5.7
72365,Albuquerque,2012-03-15T12:00:00Z,2012-03-15T11:02:00Z,23730.0,3000.0,216.45,35.0500,-106.6100,5.7
72365,Albuquerque,2012-03-15T12:00:00Z,2012-03-15T11:02:00Z,23774.0,2980.0,216.75,35.0500,-106.6100,6.2
72365,Albuquerque,2012-03-15T12:00:00Z,2012-03-15T11:02:00Z,23859.0,2940.0,217.25,35.0500,-106.6100,6.4
72365,Albuquerque,2012-03-15T12:00:00Z,2012-03-15T11:02:00Z,24384.0,2710.0,216.75,35.0500,-106.6100,7.7
72365,Albuquerque,2012-03-15T12:00:00Z,2012-03-15T11:02:00Z,24544.0,2640.0,216.65,35.0500,-106.6100,7.2
72365,Albuquerque,2012-03-15T12:00:00Z,2012-03-15T11:02:00Z,24689.0,2580.0,217.15,35.0500,-106.6100,6.7
72365,Albuquerque,2012-03-15T12:00:00Z,2012-03-15T11:02:00Z,24994.0,2460.0,218.15,35.0500,-106.6100,7.7
72365,Albuquerque,2012-03-15T12:00:00Z,2012-03-15T11:02:00Z,25127.0,2410.0,218.65,35.0500,-106.6100,7.9
72365,Albuquerque,2012-03-15T12:00:00Z,2012-03-15T11:02:00Z,25603.0,2240.0,217.45,35.0500,-106.6100,8.8
72365,Albuquerque,2012-03-15T12:00:00Z,2012-03-15T11:02:00Z,25768.0,2180.0,217.05,35.0500,-106.6100,8.0
72365,Albuquerque,2012-03-15T12:00:00Z,2012-03-15T11:02:00Z,26007.0,2100.0,218.65,35.0500,-106.6100,7.0
72365,Albuquerque,2012-03-15T12:00:00Z,2012-03-15T11:02:00Z,26320.0,2000.0,218.05,35.0500,-106.6100,5.7
72365,Albuquerque,2012-03-15T12:00:00Z,2012-03-15T11:02:00Z,26681.0,1890.0,218.25,35.0500,-106.6100,4.1
72365,Albuquerque,2012-03-15T12:00:00Z,2012-03-15T11:02:00Z,27030.0,1790.0,219.25,35.0500,-106.6100,2.7
72365,Albuquerque,2012-03-15T12:00:00Z,2012-03-15T11:02:00Z,27325.0,1710.0,222.25,35.0500,-106.6100,1.5
72365,Albuquerque,2012-03-15T12:00:00Z,2012-03-15T11:02:00Z,27432.0,1680.0,222.25,35.0500,-106.6100,1.0
72365,Albuquerque,2012-03-15T12:00:00Z,2012-03-15T11:02:00Z,28006.0,1540.0,222.05,35.0500,-106.6100,5.4
72365,Albuquerque,2012-03-15T12:00:00Z,2012-03-15T11:02:00Z,28042.0,1530.0,222.35,35.0500,-106.6100,5.7
72365,Albuquerque,2012-03-15T12:00:00Z,2012-03-15T11:02:00Z,28178.0,1500.0,223.65,35.0500,-106.6100,5.7
72365,Albuquerque,2012-03-15T12:00:00Z,2012-03-15T11:02:00Z,28651.0,1400.0,222.45,35.0500,-106.6100,5.7
72365,Albuquerque,2012-03-15T12:00:00Z,2012-03-15T11:02:00Z,28817.0,1360.0,222.05,35.0500,-106.6100,3.1
72365,Albuquerque,2012-03-15T12:00:00Z,2012-03-15T11:02:00Z,28956.0,1330.0,223.15,35.0500,-106.6100,1.0
72365,Albuquerque,2012-03-15T12:00:00Z,2012-03-15T11:02:00Z,29261.0,1270.0,225.45,35.0500,-106.6100,9.8
72365,Albuquerque,2012-03-15T12:00:00Z,2012-03-15T11:02:00Z,29318.0,1260.0,225.85,35.0500,-106.6100,9.9
72365,Albuquerque,2012-03-15T12:00:00Z,2012-03-15T11:02:00Z,29808.0,1170.0,225.65,35.0500,-106.6100,10.7
72365,Albuquerque,2012-03-15T12:00:00Z,2012-03-15T11:02:00Z,30158.0,1110.0,227.85,35.0500,-106.6100,11.3
72365,Albuquerque,2012-03-15T12:00:00Z,2012-03-15T11:02:00Z,30480.0,1060.0,226.25,35.0500,-106.6100,11.8
72365,Albuquerque,2012-03-15T12:00:00Z,2012-03-15T11:02:00Z,30590.0,1040.0,225.65,35.0500,-106.6100,11.2
72365,Albuquerque,2012-03-15T12:00:00Z,2012-03-15T11:02:00Z,30850.0,1000.0,226.45,35.0500,-106.6100,9.8
72365,Albuquerque,2012-03-15T12:00:00Z,2012-03-15T11:02:00Z,31090.0,960.0,227.85,35.0500,-106.6100,15.4
72365,Albuquerque,2012-03-15T12:00:00Z,2012-03-15T11:02:00Z,31122.0,960.0,228.05,35.0500,-106.6100,
72365,Albuquerque,2012-07-25T12:00:00Z,2012-07-25T11:07:00Z,1620.0,83900.0,292.95,35.0500,-106.6100,0.0
72365,Albuquerque,2012-07-25T12:00:00Z,2012-07-25T11:07:00Z,1651.0,83600.0,293.35,35.0500,-106.6100,0.2
72365,Albuquerque,2012-07-25T12:00:00Z,2012-07-25T11:07:00Z,1723.0,82900.0,293.35,35.0500,-106.6100,0.5
72365,Albuquerque,2012-07-25T12:00:00Z,2012-07-25T11:07:00Z,1829.0,81890.0,292.85,35.0500,-106.6100,1.0
72365,Albuquerque,2012-07-25T12:00:00Z,2012-07-25T11:07:00Z,1859.0,81600.0,292.75,35.0500,-106.6100,1.1
72365,Albuquerque,2012-07-25T12:00:00Z,2012-07-25T11:07:00Z,2134.0,79020.0,290.25,35.0500,-106.6100,1.5
72365,Albuquerque,2012-07-25T12:00:00Z,2012-07-25T11:07:00Z,2213.0,78300.0,289.55,35.0500,-106.6100,2.1
72365,Albuquerque,2012-07-25T12:00:00Z,2012-07-25T11:07:00Z,2438.0,76250.0,288.85,35.0500,-106.6100,3.6
72365,Albuquerque,2012-07-25T12:00:00Z,2012-07-25T11:07:00Z,2477.0,75900.0,288.75,35.0500,-106.6100,3.7
72365,Albuquerque,2012-07-25T12:00:00Z,2012-07-25T11:07:00Z,2743.0,73550.0,286.55,35.0500,-106.6100,4.6
72365,Albuquerque,2012-07-25T12:00:00Z,2012-07-25T11:07:00Z,2887.0,72300.0,285.35,35.0500,-106.6100,6.4
72365,Albuquerque,2012-07-25T12:00:00Z,2012-07-25T11:07:00Z,2993.0,71400.0,286.35,35.0500,-106.6100,7.7
72365,Albuquerque,2012-07-25T12:00:00Z,2012-07-25T11:07:00Z,3075.0,70700.0,286.15,35.0500,-106.6100,8.7
72365,Albuquerque,2012-07-25T12:00:00Z,2012-07-25T11:07:00Z,3159.0,70000.0,285.55,35.0500,-106.6100,9.8
72365,Albuquerque,2012-07-25T12:00:00Z,2012-07-25T11:07:00Z,3658.0,65900.0,281.45,35.0500,-106.6100,10.3
72365,Albuquerque,2012-07-25T12:00:00Z,2012-07-25T11:07:00Z,4175.0,61900.0,277.15,35.0500,-106.6100,10.7
72365,Albuquerque,2012-07-25T12:00:00Z,2012-07-25T11:07:00Z,4267.0,61200.0,276.75,35.0500,-106.6100,10.8
72365,Albuquerque,2012-07-25T12:00:00Z,2012-07-25T11:07:00Z,4572.0,58940.0,275.45,35.0500,-106.6100,11.8
72365,Albuquerque,2012-07-25T12:00:00Z,2012-07-25T11:07:00Z,4702.0,58000.0,274.95,35.0500,-106.6100,10.1
72365,Albuquerque,2012-07-25T12:00:00Z,2012-07-25T11:07:00Z,4877.0,56740.0,273.75,35.0500,-106.6100,7.7
72365,Albuquerque,2012-07-25T12:00:00Z,2012-07-25T11:07:00Z,5182.0,54600.0,271.55,35.0500,-106.6100,7.2
72365,Albuquerque,2012-07-25T12:00:00Z,2012-07-25T11:07:00Z,5486.0,52560.0,269.35,35.0500,-106.6100,5.7
72365,Albuquerque,2012-07-25T12:00:00Z,2012-07-25T11:07:00Z,5617.0,51700.0,268.45,35.0500,-106.6100,4.3
72365,Albuquerque,2012-07-25T12:00:00Z,2012-07-25T11:07:00Z,5786.0,50600.0,268.05,35.0500,-106.6100,2.6
72365,Albuquerque,2012-07-25T12:00:00Z,2012-07-25T11:07:00Z,5791.0,50570.0,268.05,35.0500,-106.6100,2.6
72365,Albuquerque,2012-07-25T12:00:00Z,2012-07-25T11:07:00Z,5880.0,50000.0,267.25,35.0500,-106.6100,2.6
72365,Albuquerque,2012-07-25T12:00:00Z,2012-07-25T11:07:00Z,6096.0,48630.0,265.95,35.0500,-106.6100,3.6
72365,Albuquerque,2012-07-25T12:00:00Z,2012-07-25T11:07:00Z,6395.0,46800.0,264.05,35.0500,-106.6100,4.6
72365,Albuquerque,2012-07-25T12:00:00Z,2012-07-25T11:07:00Z,6512.0,46100.0,264.25,35.0500,-106.6100,5.0
72365,Albuquerque,2012-07-25T12:00:00Z,2012-07-25T11:07:00Z,6664.0,45200.0,262.85,35.0500,-106.6100,5.5
72365,Albuquerque,2012-07-25T12:00:00Z,2012-07-25T11:07:00Z,6802.0,44400.0,263.05,35.0500,-106.6100,6.0
72365,Albuquerque,2012-07-25T12:00:00Z,2012-07-25T11:07:00Z,7102.0,42700.0,261.05,35.0500,-106.6100,7.0
72365,Albuquerque,2012-07-25T12:00:00Z,2012-07-25T11:07:00Z,7228.0,42000.0,261.05,35.0500,-106.6100,7.4
72365,Albuquerque,2012-07-25T12:00:00Z,2012-07-25T11:07:00Z,7315.0,41530.0,260.65,35.0500,-106.6100,7.7
72365,Albuquerque,2012-07-25T12:00:00Z,2012-07-25T11:07:00Z,7412.0,41000.0,260.25,35.0500,-106.6100,7.7
72365,Albuquerque,2012-07-25T12:00:00Z,2012-07-25T11:07:00Z,7600.0,40000.0,258.65,35.0500,-106.6100,7.7
72365,Albuquerque,2012-07-25T12:00:00Z,2012-07-25T11:07:00Z,7619.0,39900.0,258.45,35.0500,-106.6100,7.7
72365,Albuquerque,2012-07-25T12:00:00Z,2012-07-25T11:07:00Z,7620.0,39890.0,258.45,35.0500,-106.6100,7.7
72365,Albuquerque,2012-07-25T12:00:00Z,2012-07-25T11:07:00Z,7734.0,39300.0,257.45,35.0500,-106.6100,7.7
72365,Albuquerque,2012-07-25T12:00:00Z,2012-07-25T11:07:00Z,7850.0,38700.0,256.65,35.0500,-106.6100,7.6
72365,Albuquerque,2012-07-25T12:00:00Z,2012-07-25T11:07:00Z,7947.0,38200.0,256.05,35.0500,-106.6100,7.5
72365,Albuquerque,2012-07-25T12:00:00Z,2012-07-25T11:07:00Z,8186.0,37000.0,254.05,35.0500,-106.6100,7.4
72365,Albuquerque,2012-07-25T12:00:00Z,2012-07-25T11:07:00Z,8514.0,35400.0,251.45,35.0500,-106.6100,7.2
72365,Albuquerque,2012-07-25T12:00:00Z,2012-07-25T11:07:00Z,8534.0,35300.0,251.25,35.0500,-106.6100,7.2
72365,Albuquerque,2012-07-25T12:00:00Z,2012-07-25T11:07:00Z,9144.0,32470.0,246.15,35.0500,-106.6100,7.7
72365,Albuquerque,2012-07-25T12:00:00Z,2012-07-25T11:07:00Z,9227.0,32100.0,245.45,35.0500,-106.6100,7.9
72365,Albuquerque,2012-07-25T12:00:00Z,2012-07-25T11:07:00Z,9477.0,31000.0,243.25,35.0500,-106.6100,8.6
72365,Albuquerque,2012-07-25T12:00:00Z,2012-07-25T11:07:00Z,9616.0,30400.0,242.05,35.0500,-106.6100,9.0
72365,Albuquerque,2012-07-25T12:00:00Z,2012-07-25T11:07:00Z,9710.0,30000.0,241.65,35.0500,-106.6100,9.3
72365,Albuquerque,2012-07-25T12:00:00Z,2012-07-25T11:07:00Z,10058.0,28550.0,238.75,35.0500,-106.6100,10.3
72365,Albuquerque,2012-07-25T12:00:00Z,2012-07-25T11:07:00Z,10119.0,28300.0,238.25,35.0500,-106.6100,10.4
72365,Albuquerque,2012-07-25T12:00:00Z,2012-07-25T11:07:00Z,10889.0,25300.0,231.45,35.0500,-106.6100,11.7
72365,Albuquerque,2012-07-25T12:00:00Z,2012-07-25T11:07:00Z,10970.0,25000.0,231.25,35.0500,-106.6100,11.8
72365,Albuquerque,2012-07-25T12:00:00Z,2012-07-25T11:07:00Z,11330.0,23700.0,228.25,35.0500,-106.6100,10.6
72365,Albuquerque,2012-07-25T12:00:00Z,2012-07-25T11:07:00Z,11582.0,22800.0,225.95,35.0500,-106.6100,9.8
72365,Albuquerque,2012-07-25T12:00:00Z,2012-07-25T11:07:00Z,12440.0,20000.0,218.25,35.0500,-106.6100,12.4
72365,Albuquerque,2012-07-25T12:00:00Z,2012-07-25T11:07:00Z,12497.0,19820.0,217.65,35.0500,-106.6100,12.4
72365,Albuquerque,2012-07-25T12:00:00Z,2012-07-25T11:07:00Z,12667.0,19300.0,216.05,35.0500,-106.6100,12.8
72365,Albuquerque,2012-07-25T12:00:00Z,2012-07-25T11:07:00Z,13106.0,17990.0,213.05,35.0500,-106.6100,13.9
72365,Albuquerque,2012-07-25T12:00:00Z,2012-07-25T11:07:00Z,13609.0,16600.0,209.65,35.0500,-106.6100,10.5
72365,Albuquerque,2012-07-25T12:00:00Z,2012-07-25T11:07:00Z,13797.0,16100.0,209.45,35.0500,-106.6100,9.3
72365,Albuquerque,2012-07-25T12:00:00Z,2012-07-25T11:07:00Z,14021.0,15520.0,208.35,35.0500,-106.6100,7.7
72365,Albuquerque,2012-07-25T12:00:00Z,2012-07-25T11:07:00Z,14230.0,15000.0,207.25,35.0500,-106.6100,6.2
72365,Albuquerque,2012-07-25T12:00:00Z,2012-07-25T11:07:00Z,14561.0,14200.0,205.65,35.0500,-106.6100,2.6
72365,Albuquerque,2012-07-25T12:00:00Z,2012-07-25T11:07:00Z,14630.0,14040.0,205.95,35.0500,-106.6100,0.5
72365,Albuquerque,2012-07-25T12:00:00Z,2012-07-25T11:07:00Z,14733.0,13800.0,206.45,35.0500,-106.6100,0.7
72365,Albuquerque,2012-07-25T12:00:00Z,2012-07-25T11:07:00Z,14910.0,13400.0,205.45,35.0500,-106.6100,1.0
72365,Albuquerque,2012-07-25T12:00:00Z,2012-07-25T11:07:00Z,15240.0,12690.0,206.15,35.0500,-106.6100,1.5
72365,Albuquerque,2012-07-25T12:00:00Z,2012-07-25T11:07:00Z,15281.0,12600.0,206.25,35.0500,-106.6100,1.8
72365,Albuquerque,2012-07-25T12:00:00Z,2012-07-25T11:07:00Z,15475.0,12200.0,205.45,35.0500,-106.6100,3.0
72365,Albuquerque,2012-07-25T12:00:00Z,2012-07-25T11:07:00Z,15727.0,11700.0,206.25,35.0500,-106.6100,4.5
72365,Albuquerque,2012-07-25T12:00:00Z,2012-07-25T11:07:00Z,16044.0,11100.0,205.65,35.0500,-106.6100,6.5
72365,Albuquerque,2012-07-25T12:00:00Z,2012-07-25T11:07:00Z,16320.0,10600.0,203.85,35.0500,-106.6100,8.2
72365,Albuquerque,2012-07-25T12:00:00Z,2012-07-25T11:07:00Z,16377.0,10500.0,204.05,35.0500,-106.6100,8.5
72365,Albuquerque,2012-07-25T12:00:00Z,2012-07-25T11:07:00Z,16492.0,10300.0,205.65,35.0500,-106.6100,9.2
72365,Albuquerque,2012-07-25T12:00:00Z,2012-07-25T11:07:00Z,16670.0,10000.0,206.05,35.0500,-106.6100,10.3
72365,Albuquerque,2012-07-25T12:00:00Z,2012-07-25T11:07:00Z,17010.0,9450.0,204.85,35.0500,-106.6100,4.2
72365,Albuquerque,2012-07-25T12:00:00Z,2012-07-25T11:07:00Z,17069.0,9360.0,205.25,35.0500,-106.6100,3.1
72365,Albuquerque,2012-07-25T12:00:00Z,2012-07-25T11:07:00Z,17364.0,8910.0,207.25,35.0500,-106.6100,5.1
72365,Albuquerque,2012-07-25T12:00:00Z,2012-07-25T11:07:00Z,17374.0,8890.0,207.25,35.0500,-106.6100,5.2
72365,Albuquerque,2012-07-25T12:00:00Z,2012-07-25T11:07:00Z,17829.0,8250.0,207.05,35.0500,-106.6100,4.1
72365,Albuquerque,2012-07-25T12:00:00Z,2012-07-25T11:07:00Z,18237.0,7710.0,205.45,35.0500,-106.6100,3.2
72365,Albuquerque,2012-07-25T12:00:00Z,2012-07-25T11:07:00Z,18288.0,7650.0,205.65,35.0500,-106.6100,3.1
72365,Albuquerque,2012-07-25T12:00:00Z,2012-07-25T11:07:00Z,18583.0,7280.0,207.05,35.0500,-106.6100,3.9
72365,Albuquerque,2012-07-25T12:00:00Z,2012-07-25T11:07:00Z,18760.0,7070.0,206.45,35.0500,-106.6100,4.5
72365,Albuquerque,2012-07-25T12:00:00Z,2012-07-25T11:07:00Z,18820.0,7000.0,206.85,35.0500,-106.6100,4.6
72365,Albuquerque,2012-07-25T12:00:00Z,2012-07-25T11:07:00Z,19114.0,6670.0,209.05,35.0500,-106.6100,8.2
72365,Albuquerque,2012-07-25T12:00:00Z,2012-07-25T11:07:00Z,19202.0,6570.0,209.05,35.0500,-106.6100,9.3
72365,Albuquerque,2012-07-25T12:00:00Z,2012-07-25T11:07:00Z,19492.0,6270.0,208.85,35.0500,-106.6100,6.1
72365,Albuquerque,2012-07-25T12:00:00Z,2012-07-25T11:07:00Z,19712.0,6050.0,210.85,35.0500,-106.6100,3.7
72365,Albuquerque,2012-07-25T12:00:00Z,2012-07-25T11:07:00Z,19812.0,5950.0,210.85,35.0500,-106.6100,2.6
72365,Albuquerque,2012-07-25T12:00:00Z,2012-07-25T11:07:00Z,20117.0,5670.0,210.95,35.0500,-106.6100,5.7
72365,Albuquerque,2012-07-25T12:00:00Z,2012-07-25T11:07:00Z,20726.0,5130.0,211.15,35.0500,-106.6100,10.3
72365,Albuquerque,2012-07-25T12:00:00Z,2012-07-25T11:07:00Z,20890.0,5000.0,211.25,35.0500,-106.6100,8.8
72365,Albuquerque,2012-07-25T12:00:00Z,2012-07-25T11:07:00Z,21031.0,4890.0,211.25,35.0500,-106.6100,9.3
72365,Albuquerque,2012-07-25T12:00:00Z,2012-07-25T11:07:00Z,21155.0,4790.0,211.25,35.0500,-106.6100,11.2
72365,Albuquerque,2012-07-25T12:00:00Z,2012-07-25T11:07:00Z,21336.0,4650.0,211.85,35.0500,-106.6100,13.9
72365,Albuquerque,2012-07-25T12:00:00Z,2012-07-25T11:07:00Z,21528.0,4510.0,212.45,35.0500,-106.6100,12.9
72365,Albuquerque,2012-07-25T12:00:00Z,2012-07-25T11:07:00Z,21946.0,4220.0,216.35,35.0500,-106.6100,10.8
72365,Albuquerque,2012-07-25T12:00:00Z,2012-07-25T11:07:00Z,21975.0,4200.0,216.65,35.0500,-106.6100,11.4
72365,Albuquerque,2012-07-25T12:00:00Z,2012-07-25T11:07:00Z,22250.0,4020.0,218.15,35.0500,-106.6100,17.0
72365,Albuquerque,2012-07-25T12:00:00Z,2012-07-25T11:07:00Z,22555.0,3840.0,219.75,35.0500,-106.6100,11.3
72365,Albuquerque,2012-07-25T12:00:00Z,2012-07-25T11:07:00Z,22786.0,3700.0,221.05,35.0500,-106.6100,13.4
72365,Albuquerque,2012-07-25T12:00:00Z,2012-07-25T11:07:00Z,23470.0,3330.0,218.55,35.0500,-106.6100,19.6
72365,Albuquerque,2012-07-25T12:00:00Z,2012-07-25T11:07:00Z,23678.0,3220.0,217.85,35.0500,-106.6100,13.9
72365,Albuquerque,2012-07-25T12:00:00Z,2012-07-25T11:07:00Z,23774.0,3170.0,218.05,35.0500,-106.6100,11.3
72365,Albuquerque,2012-07-25T12:00:00Z,2012-07-25T11:07:00Z,24130.0,3000.0,218.65,35.0500,-106.6100,13.4
72365,Albuquerque,2012-07-25T12:00:00Z,2012-07-25T11:07:00Z,24384.0,2880.0,219.75,35.0500,-106.6100,16.5
72365,Albuquerque,2012-07-25T12:00:00Z,2012-07-25T11:07:00Z,24906.0,2660.0,222.05,35.0500,-106.6100,16.9
72365,Albuquerque,2012-07-25T12:00:00Z,2012-07-25T11:07:00Z,25412.0,2460.0,220.45,35.0500,-106.6100,17.3
72365,Albuquerque,2012-07-25T12:00:00Z,2012-07-25T11:07:00Z,25603.0,2390.0,220.85,35.0500,-106.6100,17.5
72365,Albuquerque,2012-07-25T12:00:00Z,2012-07-25T11:07:00Z,25847.0,2300.0,221.25,35.0500,-106.6100,
72365,Albuquerque,2012-10-14T12:00:00Z,2012-10-14T11:06:00Z,1620.0,84500.0,280.95,35.0500,-106.6100,3.1
72365,Albuquerque,2012-10-14T12:00:00Z,2012-10-14T11:06:00Z,1630.0,84400.0,280.95,35.0500,-106.6100,3.1
72365,Albuquerque,2012-10-14T12:00:00Z,2012-10-14T11:06:00Z,1699.0,83700.0,282.95,35.0500,-106.6100,2.9
72365,Albuquerque,2012-10-14T12:00:00Z,2012-10-14T11:06:00Z,1788.0,82800.0,282.95,35.0500,-106.6100,2.7
72365,Albuquerque,2012-10-14T12:00:00Z,2012-10-14T11:06:00Z,1829.0,82390.0,282.75,35.0500,-106.6100,2.6
72365,Albuquerque,2012-10-14T12:00:00Z,2012-10-14T11:06:00Z,2134.0,79410.0,280.95,35.0500,-106.6100,9.3
72365,Albuquerque,2012-10-14T12:00:00Z,2012-10-14T11:06:00Z,2345.0,77400.0,279.75,35.0500,-106.6100,7.5
72365,Albuquerque,2012-10-14T12:00:00Z,2012-10-14T11:06:00Z,2438.0,76530.0,279.45,35.0500,-106.6100,6.7
72365,Albuquerque,2012-10-14T12:00:00Z,2012-10-14T11:06:00Z,2560.0,75400.0,279.15,35.0500,-106.6100,5.9
72365,Albuquerque,2012-10-14T12:00:00Z,2012-10-14T11:06:00Z,2670.0,74400.0,279.75,35.0500,-106.6100,5.1
72365,Albuquerque,2012-10-14T12:00:00Z,2012-10-14T11:06:00Z,2743.0,73740.0,279.55,35.0500,-106.6100,4.6
72365,Albuquerque,2012-10-14T12:00:00Z,2012-10-14T11:06:00Z,2984.0,71600.0,278.75,35.0500,-106.6100,5.0
72365,Albuquerque,2012-10-14T12:00:00Z,2012-10-14T11:06:00Z,3048.0,71040.0,278.25,35.0500,-106.6100,5.2
72365,Albuquerque,2012-10-14T12:00:00Z,2012-10-14T11:06:00Z,3168.0,70000.0,277.35,35.0500,-106.6100,6.2
72365,Albuquerque,2012-10-14T12:00:00Z,2012-10-14T11:06:00Z,3416.0,67900.0,276.15,35.0500,-106.6100,4.6
72365,Albuquerque,2012-10-14T12:00:00Z,2012-10-14T11:06:00Z,3658.0,65890.0,274.35,35.0500,-106.6100,3.1
72365,Albuquerque,2012-10-14T12:00:00Z,2012-10-14T11:06:00Z,3942.0,63600.0,272.25,35.0500,-106.6100,2.4
72365,Albuquerque,2012-10-14T12:00:00Z,2012-10-14T11:06:00Z,4120.0,62200.0,271.25,35.0500,-106.6100,1.9
72365,Albuquerque,2012-10-14T12:00:00Z,2012-10-14T11:06:00Z,4236.0,61300.0,271.65,35.0500,-106.6100,1.6
72365,Albuquerque,2012-10-14T12:00:00Z,2012-10-14T11:06:00Z,4267.0,61060.0,271.55,35.0500,-106.6100,1.5
72365,Albuquerque,2012-10-14T12:00:00Z,2012-10-14T11:06:00Z,4473.0,59500.0,271.05,35.0500,-106.6100,1.4
72365,Albuquerque,2012-10-14T12:00:00Z,2012-10-14T11:06:00Z,4554.0,58900.0,270.45,35.0500,-106.6100,1.3
72365,Albuquerque,2012-10-14T12:00:00Z,2012-10-14T11:06:00Z,4648.0,58200.0,269.85,35.0500,-106.6100,1.2
72365,Albuquerque,2012-10-14T12:00:00Z,2012-10-14T11:06:00Z,4730.0,57600.0,269.05,35.0500,-106.6100,1.2
72365,Albuquerque,2012-10-14T12:00:00Z,2012-10-14T11:06:00Z,4877.0,56530.0,267.85,35.0500,-106.6100,1.0
72365,Albuquerque,2012-10-14T12:00:00Z,2012-10-14T11:06:00Z,5022.0,55500.0,266.65,35.0500,-106.6100,2.5
72365,Albuquerque,2012-10-14T12:00:00Z,2012-10-14T11:06:00Z,5251.0,53900.0,265.65,35.0500,-106.6100,4.8
72365,Albuquerque,2012-10-14T12:00:00Z,2012-10-14T11:06:00Z,5486.0,52280.0,263.55,35.0500,-106.6100,7.2
72365,Albuquerque,2012-10-14T12:00:00Z,2012-10-14T11:06:00Z,5830.0,50000.0,260.45,35.0500,-106.6100,7.2
72365,Albuquerque,2012-10-14T12:00:00Z,2012-10-14T11:06:00Z,5968.0,49100.0,259.25,35.0500,-106.6100,7.2
72365,Albuquerque,2012-10-14T12:00:00Z,2012-10-14T11:06:00Z,6096.0,48270.0,258.15,35.0500,-106.6100,7.2
72365,Albuquerque,2012-10-14T12:00:00Z,2012-10-14T11:06:00Z,6202.0,47600.0,257.25,35.0500,-106.6100,7.7
72365,Albuquerque,2012-10-14T12:00:00Z,2012-10-14T11:06:00Z,6459.0,46000.0,256.05,35.0500,-106.6100,8.7
72365,Albuquerque,2012-10-14T12:00:00Z,2012-10-14T11:06:00Z,6706.0,44490.0,254.45,35.0500,-106.6100,9.8
72365,Albuquerque,2012-10-14T12:00:00Z,2012-10-14T11:06:00Z,6977.0,42900.0,252.65,35.0500,-106.6100,11.1
72365,Albuquerque,2012-10-14T12:00:00Z,2012-10-14T11:06:00Z,7315.0,40970.0,250.05,35.0500,-106.6100,12.9
72365,Albuquerque,2012-10-14T12:00:00Z,2012-10-14T11:06:00Z,7346.0,40800.0,249.85,35.0500,-106.6100,13.0
72365,Albuquerque,2012-10-14T12:00:00Z,2012-10-14T11:06:00Z,7490.0,40000.0,248.65,35.0500,-106.6100,13.9
72365,Albuquerque,2012-10-14T12:00:00Z,2012-10-14T11:06:00Z,7620.0,39290.0,247.65,35.0500,-106.6100,13.9
72365,Albuquerque,2012-10-14T12:00:00Z,2012-10-14T11:06:00Z,7674.0,39000.0,247.25,35.0500,-106.6100,14.1
72365,Albuquerque,2012-10-14T12:00:00Z,2012-10-14T11:06:00Z,7925.0,37650.0,245.25,35.0500,-106.6100,14.9
72365,Albuquerque,2012-10-14T12:00:00Z,2012-10-14T11:06:00Z,8406.0,35200.0,241.45,35.0500,-106.6100,15.3
72365,Albuquerque,2012-10-14T12:00:00Z,2012-10-14T11:06:00Z,8534.0,34570.0,240.95,35.0500,-106.6100,15.4
72365,Albuquerque,2012-10-14T12:00:00Z,2012-10-14T11:06:00Z,8839.0,33100.0,239.65,35.0500,-106.6100,16.2
72365,Albuquerque,2012-10-14T12:00:00Z,2012-10-14T11:06:00Z,9144.0,31680.0,237.35,35.0500,-106.6100,17.0
72365,Albuquerque,2012-10-14T12:00:00Z,2012-10-14T11:06:00Z,9162.0,31600.0,237.25,35.0500,-106.6100,16.9
72365,Albuquerque,2012-10-14T12:00:00Z,2012-10-14T11:06:00Z,9520.0,30000.0,233.85,35.0500,-106.6100,15.4
72365,Albuquerque,2012-10-14T12:00:00Z,2012-10-14T11:06:00Z,10356.0,26500.0,226.65,35.0500,-106.6100,19.3
72365,Albuquerque,2012-10-14T12:00:00Z,2012-10-14T11:06:00Z,10740.0,25000.0,224.25,35.0500,-106.6100,21.1
72365,Albuquerque,2012-10-14T12:00:00Z,2012-10-14T11:06:00Z,11008.0,24000.0,221.85,35.0500,-106.6100,22.6
72365,Albuquerque,2012-10-14T12:00:00Z,2012-10-14T11:06:00Z,11145.0,23500.0,221.25,35.0500,-106.6100,23.4
72365,Albuquerque,2012-10-14T12:00:00Z,2012-10-14T11:06:00Z,11278.0,23020.0,221.65,35.0500,-106.6100,24.2
72365,Albuquerque,2012-10-14T12:00:00Z,2012-10-14T11:06:00Z,11285.0,23000.0,221.65,35.0500,-106.6100,24.1
72365,Albuquerque,2012-10-14T12:00:00Z,2012-10-14T11:06:00Z,11399.0,22600.0,222.65,35.0500,-106.6100,23.2
72365,Albuquerque,2012-10-14T12:00:00Z,2012-10-14T11:06:00Z,11458.0,22400.0,223.85,35.0500,-106.6100,22.7
72365,Albuquerque,2012-10-14T12:00:00Z,2012-10-14T11:06:00Z,11517.0,22200.0,224.25,35.0500,-106.6100,22.2
72365,Albuquerque,2012-10-14T12:00:00Z,2012-10-14T11:06:00Z,11850.0,21100.0,221.65,35.0500,-106.6100,19.4
72365,Albuquerque,2012-10-14T12:00:00Z,2012-10-14T11:06:00Z,11887.0,20980.0,221.95,35.0500,-106.6100,19.0
72365,Albuquerque,2012-10-14T12:00:00Z,2012-10-14T11:06:00Z,12007.0,20600.0,222.85,35.0500,-106.6100,18.1
72365,Albuquerque,2012-10-14T12:00:00Z,2012-10-14T11:06:00Z,12200.0,20000.0,222.05,35.0500,-106.6100,16.5
72365,Albuquerque,2012-10-14T12:00:00Z,2012-10-14T11:06:00Z,12802.0,18210.0,217.85,35.0500,-106.6100,17.5
72365,Albuquerque,2012-10-14T12:00:00Z,2012-10-14T11:06:00Z,12947.0,17800.0,216.85,35.0500,-106.6100,16.5
72365,Albuquerque,2012-10-14T12:00:00Z,2012-10-14T11:06:00Z,13106.0,17360.0,216.55,35.0500,-106.6100,15.4
72365,Albuquerque,2012-10-14T12:00:00Z,2012-10-14T11:06:00Z,13350.0,16700.0,216.05,35.0500,-106.6100,12.6
72365,Albuquerque,2012-10-14T12:00:00Z,2012-10-14T11:06:00Z,13411.0,16540.0,215.55,35.0500,-106.6100,11.8
72365,Albuquerque,2012-10-14T12:00:00Z,2012-10-14T11:06:00Z,13716.0,15750.0,213.35,35.0500,-106.6100,9.8
72365,Albuquerque,2012-10-14T12:00:00Z,2012-10-14T11:06:00Z,14020.0,15000.0,211.05,35.0500,-106.6100,8.8
72365,Albuquerque,2012-10-14T12:00:00Z,2012-10-14T11:06:00Z,14021.0,15000.0,211.05,35.0500,-106.6100,9.3
72365,Albuquerque,2012-10-14T12:00:00Z,2012-10-14T11:06:00Z,14314.0,14300.0,209.05,35.0500,-106.6100,12.4
72365,Albuquerque,2012-10-14T12:00:00Z,2012-10-14T11:06:00Z,14400.0,14100.0,209.05,35.0500,-106.6100,13.3
72365,Albuquerque,2012-10-14T12:00:00Z,2012-10-14T11:06:00Z,14621.0,13600.0,210.65,35.0500,-106.6100,15.7
72365,Albuquerque,2012-10-14T12:00:00Z,2012-10-14T11:06:00Z,14935.0,12920.0,208.95,35.0500,-106.6100,19.0
72365,Albuquerque,2012-10-14T12:00:00Z,2012-10-14T11:06:00Z,15240.0,12290.0,207.25,35.0500,-106.6100,17.0
72365,Albuquerque,2012-10-14T12:00:00Z,2012-10-14T11:06:00Z,15486.0,11800.0,205.85,35.0500,-106.6100,17.0
72365,Albuquerque,2012-10-14T12:00:00Z,2012-10-14T11:06:00Z,15641.0,11500.0,206.25,35.0500,-106.6100,17.0
72365,Albuquerque,2012-10-14T12:00:00Z,2012-10-14T11:06:00Z,16130.0,10600.0,204.05,35.0500,-106.6100,17.0
72365,Albuquerque,2012-10-14T12:00:00Z,2012-10-14T11:06:00Z,16244.0,10400.0,204.25,35.0500,-106.6100,16.3
72365,Albuquerque,2012-10-14T12:00:00Z,2012-10-14T11:06:00Z,16302.0,10300.0,205.45,35.0500,-106.6100,16.0
72365,Albuquerque,2012-10-14T12:00:00Z,2012-10-14T11:06:00Z,16480.0,10000.0,207.05,35.0500,-106.6100,14.9
72365,Albuquerque,2012-10-14T12:00:00Z,2012-10-14T11:06:00Z,17586.0,8330.0,205.25,35.0500,-106.6100,14.0
72365,Albuquerque,2012-10-14T12:00:00Z,2012-10-14T11:06:00Z,18221.0,7500.0,207.25,35.0500,-106.6100,13.4
72365,Albuquerque,2012-10-14T12:00:00Z,2012-10-14T11:06:00Z,18288.0,7420.0,207.05,35.0500,-106.6100,13.4
72365,Albuquerque,2012-10-14T12:00:00Z,2012-10-14T11:06:00Z,18593.0,7050.0,206.15,35.0500,-106.6100,14.9
72365,Albuquerque,2012-10-14T12:00:00Z,2012-10-14T11:06:00Z,18640.0,7000.0,206.05,35.0500,-106.6100,12.4
72365,Albuquerque,2012-10-14T12:00:00Z,2012-10-14T11:06:00Z,18657.0,6980.0,206.05,35.0500,-106.6100,11.7
72365,Albuquerque,2012-10-14T12:00:00Z,2012-10-14T11:06:00Z,18879.0,6730.0,208.45,35.0500,-106.6100,3.3
72365,Albuquerque,2012-10-14T12:00:00Z,2012-10-14T11:06:00Z,18898.0,6710.0,208.35,35.0500,-106.6100,2.6
72365,Albuquerque,2012-10-14T12:00:00Z,2012-10-14T11:06:00Z,19175.0,6410.0,206.85,35.0500,-106.6100,3.5
72365,Albuquerque,2012-10-14T12:00:00Z,2012-10-14T11:06:00Z,19791.0,5790.0,207.05,35.0500,-106.6100,5.6
72365,Albuquerque,2012-10-14T12:00:00Z,2012-10-14T11:06:00Z,19812.0,5770.0,207.45,35.0500,-106.6100,5.7
72365,Albuquerque,2012-10-14T12:00:00Z,2012-10-14T11:06:00Z,19919.0,5670.0,209.45,35.0500,-106.6100,5.8
72365,Albuquerque,2012-10-14T12:00:00Z,2012-10-14T11:06:00Z,20117.0,5490.0,209.25,35.0500,-106.6100,6.2
72365,Albuquerque,2012-10-14T12:00:00Z,2012-10-14T11:06:00Z,20426.0,5220.0,209.05,35.0500,-106.6100,4.8
72365,Albuquerque,2012-10-14T12:00:00Z,2012-10-14T11:06:00Z,20690.0,5000.0,210.25,35.0500,-106.6100,3.6
72365,Albuquerque,2012-10-14T12:00:00Z,2012-10-14T11:06:00Z,20929.0,4810.0,212.25,35.0500,-106.6100,2.5
72365,Albuquerque,2012-10-14T12:00:00Z,2012-10-14T11:06:00Z,21031.0,4730.0,211.75,35.0500,-106.6100,2.1
72365,Albuquerque,2012-10-14T12:00:00Z,2012-10-14T11:06:00Z,21336.0,4500.0,210.15,35.0500,-106.6100,5.2
72365,Albuquerque,2012-10-14T12:00:00Z,2012-10-14T11:06:00Z,21424.0,4440.0,209.65,35.0500,-106.6100,5.9
72365,Albuquerque,2012-10-14T12:00:00Z,2012-10-14T11:06:00Z,21641.0,4290.0,212.25,35.0500,-106.6100,7.7
72365,Albuquerque,2012-10-14T12:00:00Z,2012-10-14T11:06:00Z,21935.0,4090.0,215.65,35.0500,-106.6100,10.2
72365,Albuquerque,2012-10-14T12:00:00Z,2012-10-14T11:06:00Z,21946.0,4080.0,215.55,35.0500,-106.6100,10.3
72365,Albuquerque,2012-10-14T12:00:00Z,2012-10-14T11:06:00Z,22429.0,3780.0,213.45,35.0500,-106.6100,11.9
72365,Albuquerque,2012-10-14T12:00:00Z,2012-10-14T11:06:00Z,22555.0,3710.0,214.35,35.0500,-106.6100,12.4
72365,Albuquerque,2012-10-14T12:00:00Z,2012-10-14T11:06:00Z,22860.0,3530.0,216.65,35.0500,-106.6100,9.0
72365,Albuquerque,2012-10-14T12:00:00Z,2012-10-14T11:06:00Z,23165.0,3360.0,216.45,35.0500,-106.6100,5.7
72365,Albuquerque,2012-10-14T12:00:00Z,2012-10-14T11:06:00Z,23774.0,3060.0,216.15,35.0500,-106.6100,8.2
72365,Albuquerque,2012-10-14T12:00:00Z,2012-10-14T11:06:00Z,23890.0,3000.0,216.05,35.0500,-106.6100,8.8
72365,Albuquerque,2012-10-14T12:00:00Z,2012-10-14T11:06:00Z,24079.0,2910.0,215.85,35.0500,-106.6100,9.3
72365,Albuquerque,2012-10-14T12:00:00Z,2012-10-14T11:06:00Z,24193.0,2860.0,215.65,35.0500,-106.6100,9.8
72365,Albuquerque,2012-10-14T12:00:00Z,2012-10-14T11:06:00Z,24384.0,2780.0,216.75,35.0500,-106.6100,10.8
72365,Albuquerque,2012-10-14T12:00:00Z,2012-10-14T11:06:00Z,24582.0,2690.0,217.85,35.0500,-106.6100,7.8
72365,Albuquerque,2012-10-14T12:00:00Z,2012-10-14T11:06:00Z,24689.0,2650.0,217.75,35.0500,-106.6100,6.2
72365,Albuquerque,2012-10-14T12:00:00Z,2012-10-14T11:06:00Z,24994.0,2520.0,217.45,35.0500,-106.6100,2.1
72365,Albuquerque,2012-10-14T12:00:00Z,2012-10-14T11:06:00Z,25603.0,2290.0,216.95,35.0500,-106.6100,5.7
72365,Albuquerque,2012-10-14T12:00:00Z,2012-10-14T11:06:00Z,25908.0,2180.0,216.65,35.0500,-106.6100,6.2
72365,Albuquerque,2012-10-14T12:00:00Z,2012-10-14T11:06:00Z,26213.0,2080.0,216.45,35.0500,-106.6100,6.7
72365,Albuquerque,2012-10-14T12:00:00Z,2012-10-14T11:06:00Z,26407.0,2020.0,216.25,35.0500,-106.6100,5.9
72365,Albuquerque,2012-10-14T12:00:00Z,2012-10-14T11:06:00Z,26470.0,2000.0,216.85,35.0500,-106.6100,5.7
72365,Albuquerque,2012-10-14T12:00:00Z,2012-10-14T11:06:00Z,26518.0,1980.0,217.05,35.0500,-106.6100,8.2
72365,Albuquerque,2012-10-14T12:00:00Z,2012-10-14T11:06:00Z,26631.0,1950.0,217.65,35.0500,-106.6100,6.9
72365,Albuquerque,2012-10-14T12:00:00Z,2012-10-14T11:06:00Z,27127.0,1800.0,217.85,35.0500,-106.6100,1.0
72365,Albuquerque,2012-10-14T12:00:00Z,2012-10-14T11:06:00Z,27431.0,1720.0,218.05,35.0500,-106.6100,3.1
72365,Albuquerque,2012-10-14T12:00:00Z,2012-10-14T11:06:00Z,27432.0,1720.0,218.05,35.0500,-106.6100,3.1
72365,Albuquerque,2012-10-14T12:00:00Z,2012-10-14T11:06:00Z,27939.0,1590.0,223.45,35.0500,-106.6100,6.9
72365,Albuquerque,2012-10-14T12:00:00Z,2012-10-14T11:06:00Z,28042.0,1570.0,223.55,35.0500,-106.6100,7.7
72365,Albuquerque,2012-10-14T12:00:00Z,2012-10-14T11:06:00Z,28453.0,1470.0,224.05,35.0500,-106.6100,7.2
72365,Albuquerque,2012-10-14T12:00:00Z,2012-10-14T11:06:00Z,28682.0,1420.0,226.45,35.0500,-106.6100,6.9
72365,Albuquerque,2012-10-14T12:00:00Z,2012-10-14T11:06:00Z,30480.0,1080.0,225.75,35.0500,-106.6100,4.6
72365,Albuquerque,2012-10-14T12:00:00Z,2012-10-14T11:06:00Z,30617.0,1060.0,225.65,35.0500,-106.6100,
72365,Albuquerque,2012-10-15T00:00:00Z,2012-10-14T23:06:00Z,1620.0,84300.0,294.55,35.0500,-106.6100,1.5
72365,Albuquerque,2012-10-15T00:00:00Z,2012-10-14T23:06:00Z,1651.0,84000.0,293.95,35.0500,-106.6100,1.6
72365,Albuquerque,2012-10-15T00:00:00Z,2012-10-14T23:06:00Z,1829.0,82270.0,291.75,35.0500,-106.6100,2.1
72365,Albuquerque,2012-10-15T00:00:00Z,2012-10-14T23:06:00Z,1857.0,82000.0,291.35,35.0500,-106.6100,2.1
72365,Albuquerque,2012-10-15T00:00:00Z,2012-10-14T23:06:00Z,2134.0,79340.0,288.75,35.0500,-106.6100,2.1
72365,Albuquerque,2012-10-15T00:00:00Z,2012-10-14T23:06:00Z,2438.0,76520.0,285.75,35.0500,-106.6100,3.1
72365,Albuquerque,2012-10-15T00:00:00Z,2012-10-14T23:06:00Z,2743.0,73790.0,282.85,35.0500,-106.6100,3.6
72365,Albuquerque,2012-10-15T00:00:00Z,2012-10-14T23:06:00Z,2777.0,73500.0,282.55,35.0500,-106.6100,3.6
72365,Albuquerque,2012-10-15T00:00:00Z,2012-10-14T23:06:00Z,2890.0,72500.0,281.55,35.0500,-106.6100,3.6
72365,Albuquerque,2012-10-15T00:00:00Z,2012-10-14T23:06:00Z,3178.0,70000.0,279.55,35.0500,-106.6100,3.6
72365,Albuquerque,2012-10-15T00:00:00Z,2012-10-14T23:06:00Z,3560.0,66800.0,276.35,35.0500,-106.6100,2.8
72365,Albuquerque,2012-10-15T00:00:00Z,2012-10-14T23:06:00Z,3658.0,65990.0,275.95,35.0500,-106.6100,2.6
72365,Albuquerque,2012-10-15T00:00:00Z,2012-10-14T23:06:00Z,4071.0,62700.0,274.15,35.0500,-106.6100,4.3
72365,Albuquerque,2012-10-15T00:00:00Z,2012-10-14T23:06:00Z,4267.0,61180.0,272.65,35.0500,-106.6100,5.2
72365,Albuquerque,2012-10-15T00:00:00Z,2012-10-14T23:06:00Z,4877.0,56660.0,267.95,35.0500,-106.6100,4.1
72365,Albuquerque,2012-10-15T00:00:00Z,2012-10-14T23:06:00Z,4913.0,56400.0,267.65,35.0500,-106.6100,4.0
72365,Albuquerque,2012-10-15T00:00:00Z,2012-10-14T23:06:00Z,5239.0,54100.0,266.05,35.0500,-106.6100,2.7
72365,Albuquerque,2012-10-15T00:00:00Z,2012-10-14T23:06:00Z,5355.0,53300.0,265.85,35.0500,-106.6100,2.2
72365,Albuquerque,2012-10-15T00:00:00Z,2012-10-14T23:06:00Z,5592.0,51700.0,263.85,35.0500,-106.6100,1.3
72365,Albuquerque,2012-10-15T00:00:00Z,2012-10-14T23:06:00Z,5652.0,51300.0,264.05,35.0500,-106.6100,1.1
72365,Albuquerque,2012-10-15T00:00:00Z,2012-10-14T23:06:00Z,5758.0,50600.0,263.65,35.0500,-106.6100,0.6
72365,Albuquerque,2012-10-15T00:00:00Z,2012-10-14T23:06:00Z,5791.0,50380.0,263.35,35.0500,-106.6100,0.5
72365,Albuquerque,2012-10-15T00:00:00Z,2012-10-14T23:06:00Z,5850.0,50000.0,262.85,35.0500,-106.6100,0.5
72365,Albuquerque,2012-10-15T00:00:00Z,2012-10-14T23:06:00Z,6096.0,48410.0,261.15,35.0500,-106.6100,3.1
72365,Albuquerque,2012-10-15T00:00:00Z,2012-10-14T23:06:00Z,6401.0,46500.0,259.05,35.0500,-106.6100,5.2
72365,Albuquerque,2012-10-15T00:00:00Z,2012-10-14T23:06:00Z,6517.0,45800.0,258.25,35.0500,-106.6100,5.9
72365,Albuquerque,2012-10-15T00:00:00Z,2012-10-14T23:06:00Z,6706.0,44650.0,256.55,35.0500,-106.6100,7.2
72365,Albuquerque,2012-10-15T00:00:00Z,2012-10-14T23:06:00Z,7520.0,40000.0,249.45,35.0500,-106.6100,9.3
72365,Albuquerque,2012-10-15T00:00:00Z,2012-10-14T23:06:00Z,7620.0,39450.0,248.45,35.0500,-106.6100,9.8
72365,Albuquerque,2012-10-15T00:00:00Z,2012-10-14T23:06:00Z,7873.0,38100.0,246.05,35.0500,-106.6100,10.6
72365,Albuquerque,2012-10-15T00:00:00Z,2012-10-14T23:06:00Z,7925.0,37820.0,245.65,35.0500,-106.6100,10.8
72365,Albuquerque,2012-10-15T00:00:00Z,2012-10-14T23:06:00Z,8359.0,35600.0,242.65,35.0500,-106.6100,7.9
72365,Albuquerque,2012-10-15T00:00:00Z,2012-10-14T23:06:00Z,8534.0,34730.0,241.05,35.0500,-106.6100,6.7
72365,Albuquerque,2012-10-15T00:00:00Z,2012-10-14T23:06:00Z,8746.0,33700.0,239.05,35.0500,-106.6100,7.9
72365,Albuquerque,2012-10-15T00:00:00Z,2012-10-14T23:06:00Z,9144.0,31810.0,236.15,35.0500,-106.6100,10.3
72365,Albuquerque,2012-10-15T00:00:00Z,2012-10-14T23:06:00Z,9550.0,30000.0,233.25,35.0500,-106.6100,16.0
72365,Albuquerque,2012-10-15T00:00:00Z,2012-10-14T23:06:00Z,9754.0,29110.0,232.05,35.0500,-106.6100,17.5
72365,Albuquerque,2012-10-15T00:00:00Z,2012-10-14T23:06:00Z,9828.0,28800.0,231.65,35.0500,-106.6100,17.2
72365,Albuquerque,2012-10-15T00:00:00Z,2012-10-14T23:06:00Z,10486.0,26100.0,226.05,35.0500,-106.6100,14.2
72365,Albuquerque,2012-10-15T00:00:00Z,2012-10-14T23:06:00Z,10668.0,25390.0,225.05,35.0500,-106.6100,13.4
72365,Albuquerque,2012-10-15T00:00:00Z,2012-10-14T23:06:00Z,10770.0,25000.0,224.45,35.0500,-106.6100,12.9
72365,Albuquerque,2012-10-15T00:00:00Z,2012-10-14T23:06:00Z,10850.0,24700.0,224.05,35.0500,-106.6100,13.3
72365,Albuquerque,2012-10-15T00:00:00Z,2012-10-14T23:06:00Z,10973.0,24240.0,223.05,35.0500,-106.6100,13.9
72365,Albuquerque,2012-10-15T00:00:00Z,2012-10-14T23:06:00Z,11316.0,23000.0,220.45,35.0500,-106.6100,21.1
72365,Albuquerque,2012-10-15T00:00:00Z,2012-10-14T23:06:00Z,11458.0,22500.0,219.45,35.0500,-106.6100,24.1
72365,Albuquerque,2012-10-15T00:00:00Z,2012-10-14T23:06:00Z,11582.0,22070.0,219.55,35.0500,-106.6100,26.8
72365,Albuquerque,2012-10-15T00:00:00Z,2012-10-14T23:06:00Z,11998.0,20700.0,219.85,35.0500,-106.6100,22.6
72365,Albuquerque,2012-10-15T00:00:00Z,2012-10-14T23:06:00Z,12192.0,20090.0,219.55,35.0500,-106.6100,20.6
72365,Albuquerque,2012-10-15T00:00:00Z,2012-10-14T23:06:00Z,12220.0,20000.0,219.45,35.0500,-106.6100,20.6
72365,Albuquerque,2012-10-15T00:00:00Z,2012-10-14T23:06:00Z,12581.0,18900.0,218.45,35.0500,-106.6100,20.6
72365,Albuquerque,2012-10-15T00:00:00Z,2012-10-14T23:06:00Z,13069.0,17500.0,215.65,35.0500,-106.6100,20.6
72365,Albuquerque,2012-10-15T00:00:00Z,2012-10-14T23:06:00Z,13106.0,17400.0,215.55,35.0500,-106.6100,20.6
72365,Albuquerque,2012-10-15T00:00:00Z,2012-10-14T23:06:00Z,13326.0,16800.0,215.25,35.0500,-106.6100,20.6
72365,Albuquerque,2012-10-15T00:00:00Z,2012-10-14T23:06:00Z,14030.0,15000.0,210.65,35.0500,-106.6100,20.6
72365,Albuquerque,2012-10-15T00:00:00Z,2012-10-14T23:06:00Z,14196.0,14600.0,209.25,35.0500,-106.6100,20.6
72365,Albuquerque,2012-10-15T00:00:00Z,2012-10-14T23:06:00Z,14326.0,14290.0,208.65,35.0500,-106.6100,20.6
72365,Albuquerque,2012-10-15T00:00:00Z,2012-10-14T23:06:00Z,14453.0,14000.0,208.05,35.0500,-106.6100,20.2
72365,Albuquerque,2012-10-15T00:00:00Z,2012-10-14T23:06:00Z,14858.0,13100.0,207.45,35.0500,-106.6100,18.8
72365,Albuquerque,2012-10-15T00:00:00Z,2012-10-14T23:06:00Z,15190.0,12400.0,205.65,35.0500,-106.6100,17.7
72365,Albuquerque,2012-10-15T00:00:00Z,2012-10-14T23:06:00Z,15240.0,12300.0,205.75,35.0500,-106.6100,17.5
72365,Albuquerque,2012-10-15T00:00:00Z,2012-10-14T23:06:00Z,15438.0,11900.0,206.05,35.0500,-106.6100,17.6
72365,Albuquerque,2012-10-15T00:00:00Z,2012-10-14T23:06:00Z,15803.0,11200.0,203.85,35.0500,-106.6100,17.8
72365,Albuquerque,2012-10-15T00:00:00Z,2012-10-14T23:06:00Z,15965.0,10900.0,204.25,35.0500,-106.6100,17.9
72365,Albuquerque,2012-10-15T00:00:00Z,2012-10-14T23:06:00Z,16188.0,10500.0,203.05,35.0500,-106.6100,18.0
72365,Albuquerque,2012-10-15T00:00:00Z,2012-10-14T23:06:00Z,16480.0,10000.0,205.05,35.0500,-106.6100,20.1
72365,Albuquerque,2012-10-15T00:00:00Z,2012-10-14T23:06:00Z,16820.0,9450.0,206.05,35.0500,-106.6100,19.2
72365,Albuquerque,2012-10-15T00:00:00Z,2012-10-14T23:06:00Z,17400.0,8580.0,204.05,35.0500,-106.6100,17.7
72365,Albuquerque,2012-10-15T00:00:00Z,2012-10-14T23:06:00Z,18253.0,7440.0,204.85,35.0500,-106.6100,15.5
72365,Albuquerque,2012-10-15T00:00:00Z,2012-10-14T23:06:00Z,18288.0,7400.0,204.95,35.0500,-106.6100,15.4
72365,Albuquerque,2012-10-15T00:00:00Z,2012-10-14T23:06:00Z,18568.0,7060.0,205.85,35.0500,-106.6100,8.8
72365,Albuquerque,2012-10-15T00:00:00Z,2012-10-14T23:06:00Z,18593.0,7030.0,206.75,35.0500,-106.6100,8.2
72365,Albuquerque,2012-10-15T00:00:00Z,2012-10-14T23:06:00Z,18620.0,7000.0,207.65,35.0500,-106.6100,7.7
72365,Albuquerque,2012-10-15T00:00:00Z,2012-10-14T23:06:00Z,18824.0,6770.0,209.45,35.0500,-106.6100,8.1
72365,Albuquerque,2012-10-15T00:00:00Z,2012-10-14T23:06:00Z,18898.0,6690.0,209.05,35.0500,-106.6100,8.2
72365,Albuquerque,2012-10-15T00:00:00Z,2012-10-14T23:06:00Z,19202.0,6360.0,207.15,35.0500,-106.6100,12.4
72365,Albuquerque,2012-10-15T00:00:00Z,2012-10-14T23:06:00Z,19321.0,6240.0,206.45,35.0500,-106.6100,12.8
72365,Albuquerque,2012-10-15T00:00:00Z,2012-10-14T23:06:00Z,19786.0,5780.0,207.85,35.0500,-106.6100,14.3
72365,Albuquerque,2012-10-15T00:00:00Z,2012-10-14T23:06:00Z,19812.0,5760.0,208.45,35.0500,-106.6100,14.4
72365,Albuquerque,2012-10-15T00:00:00Z,2012-10-14T23:06:00Z,19914.0,5660.0,210.65,35.0500,-106.6100,12.2
72365,Albuquerque,2012-10-15T00:00:00Z,2012-10-14T23:06:00Z,20117.0,5480.0,210.75,35.0500,-106.6100,7.7
72365,Albuquerque,2012-10-15T00:00:00Z,2012-10-14T23:06:00Z,20680.0,5000.0,210.85,35.0500,-106.6100,6.7
72365,Albuquerque,2012-10-15T00:00:00Z,2012-10-14T23:06:00Z,20842.0,4870.0,210.65,35.0500,-106.6100,5.7
72365,Albuquerque,2012-10-15T00:00:00Z,2012-10-14T23:06:00Z,21210.0,4590.0,214.25,35.0500,-106.6100,3.4
72365,Albuquerque,2012-10-15T00:00:00Z,2012-10-14T23:06:00Z,21336.0,4500.0,214.15,35.0500,-106.6100,2.6
72365,Albuquerque,2012-10-15T00:00:00Z,2012-10-14T23:06:00Z,21641.0,4280.0,213.85,35.0500,-106.6100,8.2
72365,Albuquerque,2012-10-15T00:00:00Z,2012-10-14T23:06:00Z,21946.0,4080.0,213.65,35.0500,-106.6100,2.1
72365,Albuquerque,2012-10-15T00:00:00Z,2012-10-14T23:06:00Z,23121.0,3380.0,212.65,35.0500,-106.6100,2.1
72365,Albuquerque,2012-10-15T00:00:00Z,2012-10-14T23:06:00Z,23165.0,3360.0,212.95,35.0500,-106.6100,2.1
72365,Albuquerque,2012-10-15T00:00:00Z,2012-10-14T23:06:00Z,23404.0,3230.0,214.65,35.0500,-106.6100,4.9
72365,Albuquerque,2012-10-15T00:00:00Z,2012-10-14T23:06:00Z,23470.0,3200.0,214.45,35.0500,-106.6100,5.7
72365,Albuquerque,2012-10-15T00:00:00Z,2012-10-14T23:06:00Z,23542.0,3160.0,214.25,35.0500,-106.6100,5.8
72365,Albuquerque,2012-10-15T00:00:00Z,2012-10-14T23:06:00Z,23807.0,3030.0,217.45,35.0500,-106.6100,6.1
72365,Albuquerque,2012-10-15T00:00:00Z,2012-10-14T23:06:00Z,23870.0,3000.0,217.25,35.0500,-106.6100,6.2
72365,Albuquerque,2012-10-15T00:00:00Z,2012-10-14T23:06:00Z,24174.0,2860.0,216.05,35.0500,-106.6100,8.6
72365,Albuquerque,2012-10-15T00:00:00Z,2012-10-14T23:06:00Z,24354.0,2780.0,218.05,35.0500,-106.6100,10.1
72365,Albuquerque,2012-10-15T00:00:00Z,2012-10-14T23:06:00Z,24384.0,2770.0,218.05,35.0500,-106.6100,10.3
72365,Albuquerque,2012-10-15T00:00:00Z,2012-10-14T23:06:00Z,24994.0,2510.0,217.35,35.0500,-106.6100,0.0
72365,Albuquerque,2012-10-15T00:00:00Z,2012-10-14T23:06:00Z,25109.0,2470.0,217.25,35.0500,-106.6100,0.5
72365,Albuquerque,2012-10-15T00:00:00Z,2012-10-14T23:06:00Z,26184.0,2090.0,221.65,35.0500,-106.6100,5.5
72365,Albuquerque,2012-10-15T00:00:00Z,2012-10-14T23:06:00Z,26213.0,2080.0,221.65,35.0500,-106.6100,5.7
72365,Albuquerque,2012-10-15T00:00:00Z,2012-10-14T23:06:00Z,26470.0,2000.0,221.45,35.0500,-106.6100,8.8
72365,Albuquerque,2012-10-15T00:00:00Z,2012-10-14T23:06:00Z,26518.0,1990.0,221.45,35.0500,-106.6100,8.8
72365,Albuquerque,2012-10-15T00:00:00Z,2012-10-14T23:06:00Z,26872.0,1880.0,221.85,35.0500,-106.6100,4.6
72365,Albuquerque,2012-10-15T00:00:00Z,2012-10-14T23:06:00Z,27127.0,1810.0,220.65,35.0500,-106.6100,1.5
72365,Albuquerque,2012-10-15T00:00:00Z,2012-10-14T23:06:00Z,27372.0,1740.0,219.45,35.0500,-106.6100,3.2
72365,Albuquerque,2012-10-15T00:00:00Z,2012-10-14T23:06:00Z,27432.0,1720.0,220.45,35.0500,-106.6100,3.6
72365,Albuquerque,2012-10-15T00:00:00Z,2012-10-14T23:06:00Z,27560.0,1690.0,222.65,35.0500,-106.6100,4.5
72365,Albuquerque,2012-10-15T00:00:00Z,2012-10-14T23:06:00Z,27737.0,1640.0,222.55,35.0500,-106.6100,5.7
72365,Albuquerque,2012-10-15T00:00:00Z,2012-10-14T23:06:00Z,28042.0,1570.0,222.35,35.0500,-106.6100,7.2
72365,Albuquerque,2012-10-15T00:00:00Z,2012-10-14T23:06:00Z,28166.0,1540.0,222.25,35.0500,-106.6100,7.6
72365,Albuquerque,2012-10-15T00:00:00Z,2012-10-14T23:06:00Z,28346.0,1500.0,223.55,35.0500,-106.6100,8.2
72365,Albuquerque,2012-10-15T00:00:00Z,2012-10-14T23:06:00Z,28651.0,1430.0,225.85,35.0500,-106.6100,5.7
72365,Albuquerque,2012-10-15T00:00:00Z,2012-10-14T23:06:00Z,28793.0,1400.0,226.85,35.0500,-106.6100,4.9
72365,Albuquerque,2012-10-15T00:00:00Z,2012-10-14T23:06:00Z,29566.0,1250.0,224.35,35.0500,-106.6100,0.5
72365,Albuquerque,2012-10-15T00:00:00Z,2012-10-14T23:06:00Z,29594.0,1240.0,224.25,35.0500,-106.6100,0.9
72365,Albuquerque,2012-10-15T00:00:00Z,2012-10-14T23:06:00Z,30175.0,1140.0,226.55,35.0500,-106.6100,9.8
72365,Albuquerque,2012-10-15T00:00:00Z,2012-10-14T23:06:00Z,30387.0,1100.0,227.45,35.0500,-106.6100,8.3
72365,Albuquerque,2012-10-15T00:00:00Z,2012-10-14T23:06:00Z,30480.0,1080.0,227.35,35.0500,-106.6100,7.7
72365,Albuquerque,2012-10-15T00:00:00Z,2012-10-14T23:06:00Z,31020.0,1000.0,226.45,35.0500,-106.6100,1.5
72365,Albuquerque,2012-10-15T00:00:00Z,2012-10-14T23:06:00Z,31578.0,920.0,230.45,35.0500,-106.6100,2.0
72365,Albuquerque,2012-10-15T00:00:00Z,2012-10-14T23:06:00Z,31699.0,900.0,230.55,35.0500,-106.6100,2.1
72365,Albuquerque,2012-10-15T00:00:00Z,2012-10-14T23:06:00Z,31878.0,880.0,230.65,35.0500,-106.6100,
