yaw_bias,damping,spin_g,max_rpm
0.0,0.25,0.00012746452662224105,0.477464829275686
0.0,0.5,0.00012746452662224105,0.477464829275686
0.0,1.0,0.00012746452662224105,0.477464829275686
0.002,0.25,0.22621879765757663,20.11458434333969
0.002,0.5,0.07064564082168577,11.240597632306356
0.002,1.0,0.019836789694680158,5.956380212083654
0.01,0.25,5.636665726052329,100.405581994468
0.01,0.5,1.7617299929425387,56.13275936425857
0.01,1.0,0.4952732216686267,29.76248169334555
0.03,0.25,50.70199483137852,301.1336172525049
0.03,0.5,15.849030598540123,168.36354812655443
0.03,1.0,4.45650657483295,89.2779055971082
