height_m,free_g,recovery_k,stagnation_k,spin_g,opening_g,landing_mps,speed_mps,mach,total_time_s
100.0,0.0,287.5000102251644,287.5000102251644,0.0,1.347190907127589,5.500405799196697,0.0,0.0,14.242051375589005
1000.0,0.0,281.6510223716947,281.6510223716947,0.0,1.345774501077663,5.500405312033283,0.0,0.0,173.70557983836343
2000.0,0.0,275.15408884365297,275.15408884365297,0.0,1.3440648560751693,5.500405254070315,0.0,0.0,342.84325080708476
3000.0,0.8345044672492056,273.2566835909435,273.47245025348656,0.0008542414922709466,4.010769672121665,5.500404910782838,63.39220381822204,0.1919234037129486,431.59979346024716
4000.0,1.0203618539883548,273.65404197161985,273.91786329368784,0.0011353109013730182,4.407268508863356,5.500405380679883,70.90725965092604,0.2158640235788871,444.6235061714587
5000.0,1.0259581613829272,273.6648324508966,273.9299587229366,0.0012497018113959023,4.417675412745597,5.500406201799022,74.39735560168319,0.22907815397415948,457.72340147222684
6000.0,1.0288876486630405,273.66525628347074,273.93043381183514,0.0013777122629114672,4.418083821598501,5.500406218813305,78.1191825465132,0.24333323889734274,470.1653718377858
7000.0,1.0322419468467003,273.6652796574032,273.9304600125014,0.0015211355300533496,4.418106344143968,5.500406217817018,82.08998235663529,0.2587215541994254,481.95100640796846
8000.0,1.0360788000973677,273.66528141718675,273.9304619851049,0.0016820066800066662,4.418108039824747,5.5004062177415305,86.32808647884332,0.2753431292161058,493.0998463449167
9000.0,1.0404633668610468,273.66528159332864,273.9304621825486,0.0018626316451738367,4.418108209550377,5.500406217733985,90.85290120342536,0.29330607824694976,503.63211603803194
10000.0,1.0454689327445847,273.6652816161967,273.9304622081822,0.0020656180179079472,4.418108231585428,5.500406217732998,95.68486575301795,0.3127268408234499,513.5680970187248
11000.0,1.0511776096511352,273.6652816199572,273.93046221239746,0.002293906885870736,4.418108235208958,5.500406217732838,100.84537643276887,0.33373029514268876,522.9281062751137
12000.0,1.0577500352415157,273.6652816207027,273.9304622132331,0.002553513838252775,4.418108235927269,5.500406217732808,106.4133533059773,0.35668488314341185,531.6923739178457
13000.0,1.066041121215638,273.66528162092465,273.9304622134819,0.0028745569120954832,4.418108236141133,5.500406217732782,112.95694664813226,0.3828147237615384,539.8315745559044
14000.0,1.0806420791760707,273.6652816209788,273.9304622135426,0.003263149150160193,4.418108236193343,5.500406217732794,120.37647185686332,0.4079597332320039,547.3866760561002
15000.0,1.1041642734824897,273.6652816209964,273.9304622135623,0.003695554540818268,4.418108236210266,5.500406217732783,128.13549354936248,0.43425530720078703,554.4023539250054
16000.0,1.1169462514684294,273.66528162100957,273.93046221357713,0.0041750220954253105,4.418108236222981,5.50040621773279,136.2319920803616,0.46169460102514237,560.9209049699903
17000.0,1.1302909145822315,273.66528162100656,273.9304622135737,0.004704785449023853,4.4181082362200605,5.500406217732794,144.66211841071765,0.4902645701876674,566.9816735627396
18000.0,1.1447512247204792,273.6652816210238,273.93046221359305,0.0052879988135367565,4.418108236236689,5.500406217732793,153.42020063295476,0.5199459924115744,572.6211410014479
19000.0,1.160362054567602,273.66528162101787,273.93046221358645,0.005927688841951823,4.418108236230996,5.5004062177327855,162.49878337538766,0.5507136012025312,577.8730529212736
20000.0,1.1771534340896999,273.66528162101474,273.93046221358287,0.006626705504636297,4.418108236227937,5.500406217732786,171.8886992013875,0.5825363278230694,582.7686204082988
21000.0,1.1951283392489231,273.66528162102975,273.93046221359975,0.007387394041128156,4.418108236242425,5.500406217732793,181.5764881233295,0.6153685559423893,587.3355955798545
22000.0,1.2138635622748515,273.6652816210263,273.93046221359583,0.008207615254691138,4.41810823623906,5.500406217732789,191.50269244612093,0.6490087815202538,591.6069579389542
23000.0,1.232675194405174,273.66528162102736,273.930462213597,0.009085755384305266,4.418108236240107,5.500406217732788,201.62484582408516,0.6833130847458702,595.6176537500227
24000.0,1.2509869986776059,273.6652816210223,273.9304622135914,0.010021116618436516,4.418108236235274,5.5004062177327855,211.9227245592229,0.7182129268565258,599.3970581146069
25000.0,1.2693285517418444,273.66528162102617,273.93046221359566,0.011012478057402884,4.418108236238947,5.500406217732791,222.38364271093084,0.7536653147916628,602.9705901596627
26000.0,1.2879677171306112,273.6652816210275,273.93046221359714,0.012057119419427883,4.418108236240213,5.5004062177328,232.96893027917528,0.7886961302944387,606.3604836149487
27000.0,1.3068779162790505,273.6652816210268,273.9304622135964,0.013149661253726944,4.418108236239576,5.500406217732792,243.59856132936568,0.8234923878201675,609.5861512607938
28000.0,1.3260492031469509,273.6652816210304,273.93046221360044,0.014284298434209985,4.418108236243045,5.500406217732789,254.2519266030731,0.8582877056779162,612.6645451714897
29000.0,1.34548950027342,273.6652816210277,273.9304622135974,0.015457169930501764,4.418108236240444,5.500406217732792,264.91338592107877,0.893031003025247,615.6104312391283
30000.0,1.365227666460808,273.6652816210102,273.9304622135778,0.01666434246864494,4.41810823622358,5.5004062177327935,275.569875838768,0.9276801590540708,618.4366496662268
31000.0,1.3853107699791432,273.66528162103106,273.9304622136012,0.01790172782993825,4.418108236243658,5.500406217732793,286.21064067126497,0.962201049319435,621.1543902245324
32000.0,1.405805146604801,273.6652816210184,273.93046221358696,0.01916513674208227,4.41810823623145,5.5004062177327855,296.82695530023483,0.9965665583755595,623.7734255580729
33000.0,1.426801512873511,273.6652816210268,273.9304622135964,0.020450362443682087,4.418108236239576,5.500406217732791,307.41226884398,1.0307569562176297,626.3018419833144
34000.0,1.448417632369754,273.6652816210074,273.9304622135747,0.021753368675092106,4.41810823622089,5.5004062177327935,317.9638123993245,1.0647649793166372,628.7460855184864
35000.0,1.468841738517792,273.66528162102856,276.55515031620246,0.023070145439500183,4.418108236241277,5.500406217732792,328.4800086480136,1.0985873582744974,631.1128042434864
36000.0,1.4950247266102403,274.59555926546,280.76112783311424,0.024636476495463903,4.418108236223252,5.500406217732783,339.97714829447125,1.1361204710538995,633.3015179497121
37000.0,1.5381709319157757,278.7898662617249,285.4205495191477,0.026425961448084134,4.418108236242525,5.5004062177327775,352.4941451756972,1.177056560004907,635.2848430252354
38000.0,1.6194285724728514,283.260309911298,290.3902938221501,0.02833448652812429,4.418108236219982,5.500406217732793,365.45353212900164,1.2194261793743624,637.1181337347246
39000.0,1.7160630049132346,287.96079927339093,295.6170189094141,0.030318303444348993,4.418108236244381,5.500406217732786,378.60603484732843,1.2623131434214723,638.8364667026391
40000.0,1.789645299454105,292.70667325043416,300.88565221545616,0.032212398157942405,4.418108236225974,5.500406217732787,391.2581124263341,1.3032949166552807,640.5318731282687
41000.0,1.8511546780092274,297.5102829956752,306.2212631797344,0.03411990063728662,4.418108236239522,5.500406217732787,403.72651262923625,1.343646609051257,642.1816905645228
42000.0,1.904934411155399,302.4085657969095,311.6647096033452,0.03605588760303841,4.4181082362444775,5.500406217732789,416.1155757291698,1.3837082086948918,643.7806544939468
43000.0,1.9530581665085944,307.4141594234068,317.22992300984913,0.03802338827150336,4.418108236221162,5.500406217732788,428.46034520546425,1.4235946448500179,645.3295228362732
44000.0,1.9967915417800295,312.5263621644449,322.91602986879815,0.04002087878608721,4.418108236223578,5.500406217732786,440.7609362705134,1.4633076711425874,646.8314271991251
45000.0,2.037033726046975,317.7432611237198,328.7208158548347,0.042046586157313534,4.418108236241573,5.50040621773279,453.01477091941126,1.5028402747780414,648.2893659568023
46000.0,2.0743253728008852,323.06191111467024,334.64092199266224,0.044098524385007595,4.418108236241984,5.50040621773279,465.21727754800014,1.5421789687742475,649.7066876685888
47000.0,2.109182830413641,328.4790177097654,340.67260322377615,0.04617473071624561,4.418108236220477,5.500406217732792,477.36361563390443,1.581309372185922,651.0860571689802
48000.0,2.142146030308533,334.1924042818391,346.8122352565581,0.04827342277270431,4.4181082362436,5.500406217732793,489.44968058175664,1.620219448919116,652.4301867112276
49000.0,2.174226621840463,340.3569352271667,353.50777403662414,0.05039266142661451,4.418108236223242,5.500406217732788,501.4697366115967,1.6588918885763715,653.7418844142658
50000.0,2.205558346687267,346.58814874760367,360.3896866521146,0.05253084327548843,4.418108236235222,5.500406217732789,513.4197735620373,1.6973149143075026,655.0232634299963
51000.0,2.23619339376285,352.88314306268165,367.3459198892186,0.0546863295322294,4.418108236244633,5.500406217732783,525.2958262846183,1.735476868127128,656.2764467960424
52000.0,2.2661700514995435,359.2392321175385,374.37334303701357,0.05685760345246669,4.41810823624088,5.50040621773279,537.0942822299584,1.7733672182414877,657.5032733568999
53000.0,2.295516081186571,365.6534763285766,381.4685519278566,0.05904324347317732,4.418108236243252,5.5004062177327935,548.8111860163069,1.8109762210220344,658.7056925528108
54000.0,2.3415147881255316,372.1231032837925,388.6283335694882,0.06124193548409836,4.418108236244117,5.500406217732785,560.4367251218987,1.8482955077252317,659.8850948996885
55000.0,2.388116937197597,378.64576824407936,395.8499546772224,0.06345255025722837,4.41810823622984,5.500406217732792,571.9678301387465,1.8851973873163246,661.0430081948962
56000.0,2.43505937292251,385.22059427822575,403.1323145438863,0.06567452736460366,4.4181082362279,5.500406217732791,583.4066406559971,1.9213149130420586,662.1801994560853
57000.0,2.4823210667662425,391.84527250881365,410.47273398871243,0.06790683763511268,4.4181082362278,5.50040621773279,594.7527605037543,1.9566710776373477,663.2979736673944
58000.0,2.529874670428579,398.5166138078898,417.86756340804106,0.07014819786972953,4.4181082362217445,5.500406217732782,606.0043852700554,1.9913101077348097,664.3974661780056
59000.0,2.577704338292831,405.2329073038036,425.3147963704259,0.0723978678459799,4.418108236242084,5.500406217732795,617.1622889739189,2.025436212581684,665.4796464413237
60000.0,2.6258018575990563,411.9932231893852,432.813298607461,0.07465542644716401,4.418108236241356,5.500406217732785,628.2284966057186,2.059248124662524,666.5451136072281
61000.0,2.6741534940360996,418.79593149962903,440.361165154728,0.07692023862279457,4.418108236239988,5.50040621773278,639.2038175965682,2.0927498912149343,667.59482765712
62000.0,2.7227404248734106,425.6387484819673,447.9557701691369,0.07919147756568173,4.418108236245056,5.50040621773279,650.088000942404,2.125942429941785,668.6294811229384
63000.0,2.771549076752079,432.52009759426437,455.59527671732,0.08146857072486428,4.418108236239035,5.500406217732793,660.881924671052,2.1588300194314125,669.6500285571161
64000.0,2.8205699375598465,439.4384882834752,463.2779476075153,0.08375105710722286,4.418108236221005,5.500406217732788,671.586561436484,2.1914171413262964,670.6569543771514
65000.0,2.869791313044728,446.3925187568184,471.00214826811924,0.08603846992046214,4.418108236245006,5.500406217732791,682.2029738898375,2.223708470472338,671.6508585852232
66000.0,2.919200918906343,453.38088928460866,478.766361334551,0.08833037541550152,4.4181082362393695,5.500406217732789,692.7323267238171,2.2557089150652136,672.63255232333
67000.0,2.96879138590328,460.40221128394035,486.5689743024488,0.09062641678100637,4.418108236244048,5.500406217732792,703.1755963055123,2.287422738794941,673.6023259118797
68000.0,3.0185501018884424,467.4552865767628,494.4085895852322,0.0929262115081965,4.418108236241742,5.500406217732798,713.5339885947143,2.3188548348549642,674.5608295136343
69000.0,3.068471413074772,474.5389096751951,502.2838046512685,0.09522948165907602,4.418108236243643,5.500406217732791,723.8086388105572,2.3500098170993553,675.5084180905114
70000.0,3.1185453167585586,481.6519291433288,510.19328002647006,0.09753591697500123,4.41810823623999,5.500406217732781,734.0007021970918,2.3808922994731154,676.4456917617964
71000.0,3.168765143082753,488.7932461827846,518.13573755231,0.09984526848617904,4.418108236221105,5.500406217732787,744.1113500347572,2.4115068870075524,677.372984958233
72000.0,3.219121667954076,495.9617801588173,526.1099218888716,0.10215727090376663,4.418108236242784,5.500406217732784,754.1417201660597,2.4418580296862116,678.2906960767616
73000.0,3.269610013427692,503.1565339905191,534.1146731047639,0.10447172821052705,4.4181082362389,5.500406217732795,764.0930084256986,2.4719503015997613,679.1992526933045
74000.0,3.320223262883537,510.37649665806657,542.1488180778949,0.10678843201410172,4.41810823623471,5.500406217732789,773.9663323829229,2.5017879919324963,680.098846196946
75000.0,3.370955006766254,517.6207791911643,550.2113216808928,0.10910718963172947,4.418108236242699,5.500406217732786,783.762918367601,2.5313756729722834,680.9899986632657
76000.0,3.4217953397463834,524.8884103299758,558.3010592692809,0.11142779142889175,4.4181082362256685,5.500406217732788,793.4838235623831,2.5607173630277167,681.8728048791338
77000.0,3.4727437950594626,532.1785571499676,566.4170620968189,0.1137501404267815,4.418108236245101,5.500406217732791,803.1302353716609,2.5898174327480743,682.7477352466182
78000.0,3.523790954270141,539.4903648856681,574.5583389398578,0.116074049389589,4.418108236232591,5.500406217732791,812.7032558942973,2.6186799568615253,683.6150633468726
79000.0,3.574934567945375,546.82301601166,582.7239417539806,0.11839941052738143,4.418108236243959,5.500406217732787,822.2039825767588,2.6473089596554265,684.4748815760738
80000.0,3.6261680379544443,554.1756877934181,590.9129183062205,0.12072608510639073,4.418108236221403,5.500406217732795,831.6334543368752,2.6757082548668034,685.3275652729255
81000.0,3.6774862672378803,561.5477054685044,599.1244827000272,0.12305395952214329,4.418108236244873,5.500406217732777,840.9928481196357,2.7038820392387923,686.1732827169637
82000.0,3.7288881809416656,568.9383321396303,607.3577812978378,0.1253829603065678,4.418108236223489,5.500406217732788,850.2832094180462,2.7318340823806855,687.0123099807288
83000.0,3.780365575461249,576.3468442268944,615.6119766601139,0.12771295072765956,4.418108236231899,5.500406217732784,859.5055523631013,2.759568030714813,687.8448576915256
84000.0,3.831916196713377,583.7725983012688,623.8863219340028,0.13004385822194406,4.4181082362426976,5.500406217732782,868.6609433525354,2.7870876597191603,688.6710763508804
85000.0,3.8835364498247658,591.2149557814855,632.1800769100453,0.13237559912163352,4.4181082362213315,5.500406217732791,877.7504073432638,2.8143965942428792,689.4911351048265
86000.0,3.9352209278397727,598.6732981354949,640.4925248752645,0.1347080790893726,4.4181082362452155,5.500406217732788,886.77494823655,2.8414983707168004,690.3053286603936
