height_m,observed_mps,modeled_mps,residual_mps,reading_halfwidth_mps
38736.66091725402,66.51216685979142,67.02804901540306,0.5158821556116351,1.3904982618771726
38673.96506642219,75.08690614136732,75.47993372071954,0.3930275793522213,1.3904982618771726
38611.269215590364,82.73464658169178,83.06103223556781,0.3263856538760308,1.3904982618771726
38548.57336475853,90.15063731170336,89.9914671729598,-0.159170138743562,1.3904982618771726
38485.8775139267,96.87137891077636,96.41145757347472,-0.45992133730163687,1.3904982618771726
38423.181663094874,103.12862108922364,102.41678234629924,-0.7118387429243995,1.3904982618771726
38360.48581226304,108.69061413673234,108.07641237068138,-0.6142017660509538,1.3904982618771726
38297.789961431205,114.25260718424101,113.4419302753672,-0.8106769088738162,1.3904982618771726
38235.09411059938,119.11935110081113,118.55305477527325,-0.566296325537877,1.3904982618771726
38172.39825976755,123.98609501738123,123.44121034907246,-0.544884668308768,1.3904982618771726
38109.702408935715,128.3893395133256,128.13175490372612,-0.2575846095994905,1.3904982618771726
38047.00655810389,133.48783314020858,132.64548506971886,-0.8423480704897202,1.3904982618771726
37984.31070727206,137.89107763615294,136.9997242402805,-0.8913533958724429,1.3904982618771726
37921.61485644023,142.06257242178447,141.20899364186639,-0.853578779918081,1.3904982618771726
37858.9190056084,146.234067207416,145.2858078199626,-0.9482593874533904,1.3904982618771726
37796.22315477656,150.17381228273464,149.2408332566336,-0.9329790261010373,1.3904982618771726
37733.527303944735,154.34530706836617,153.08335210979575,-1.2619549585704135,1.3904982618771726
37670.8314531129,158.28505214368482,156.82148333103135,-1.4635688126534774,1.3904982618771726
37608.13560228107,161.9930475086906,160.46236766549652,-1.5306798431940933,1.3904982618771726
37545.439751449245,165.7010428736964,164.01233354083803,-1.688709332858366,1.3904982618771726
37482.74390061742,169.17728852838934,167.47700387517114,-1.7002846532182048,1.3904982618771726
37420.04804978558,172.65353418308226,170.86144119824442,-1.7920929848378364,1.3904982618771726
37357.352198953755,176.59327925840094,174.17013766096898,-2.4231415974319646,1.3904982618771726
37294.65634812192,179.837775202781,177.40722760253905,-2.430547600241937,1.3904982618771726
37231.96049729009,183.77752027809964,180.5763777888832,-3.201142489216437,1.3904982618771726
37169.26464645826,186.32676709154114,183.6810036096785,-2.6457634818626445,1.3904982618771726
37106.56879562643,189.33951332560835,186.72414235395323,-2.6153709716551248,1.3904982618771726
37043.8729447946,192.5840092699884,189.70862023399323,-2.8753890359951697,1.3904982618771726
36981.17709396277,195.5967555040556,192.63701521150807,-2.9597402925475365,1.3904982618771726
36918.48124313094,198.37775202780998,195.51164295110294,-2.8661090767070334,1.3904982618771726
36855.78539229911,201.62224797219002,198.33463451003058,-3.2876134621594417,1.3904982618771726
36793.089541467285,204.63499420625723,201.10798745593343,-3.5270067503238067,1.3904982618771726
36730.39369063544,207.4159907300116,203.8335782101066,-3.582412519905006,1.3904982618771726
36667.697839803615,210.66048667439165,206.5130495996346,-4.14743707475705,1.3904982618771726
36605.00198897179,213.67323290845886,209.14802374112267,-4.525209167336186,1.3904982618771726
36542.30613813995,216.22247972190036,211.73996025883977,-4.482519463060584,1.3904982618771726
36479.610287308125,218.30822711471612,214.2902379049941,-4.017989209722032,1.3904982618771726
36416.9144364763,220.62572421784472,216.80008751346668,-3.8256367043780415,1.3904982618771726
36354.21858564447,222.4797219003476,219.27076982954492,-3.2089520708026953,1.3904982618771726
36291.522734812635,224.10196987253767,221.70332588532074,-2.3986439872169285,1.3904982618771726
36228.8268839808,225.49246813441482,224.09884545818633,-1.393622676228489,1.3904982618771726
36166.13103314897,227.11471610660487,226.45830163122332,-0.6564144753815526,1.3904982618771726
36103.435182317146,229.20046349942064,228.7826093042384,-0.41785419518222966,1.3904982618771726
36040.73933148531,231.98146002317498,231.07259483726153,-0.9088651859134416,1.3904982618771726
35978.04348065348,234.2989571263036,233.32912772573806,-0.9698294005655441,1.3904982618771726
35915.347629821656,236.38470451911934,235.55290576893427,-0.8317987501850723,1.3904982618771726
35852.65177898982,237.54345307068365,237.74469267292528,0.2012396022416283,1.3904982618771726
35789.95592815799,242.17844727694091,239.90514551876566,-2.2733017581752506,1.3904982618771726
35727.260077326166,242.8736964078795,242.0348909874355,-0.8388054204440039,1.3904982618771726
35664.56422649434,244.95944380069525,244.13452697330968,-0.8249168273855787,1.3904982618771726
35601.868375662496,247.27694090382386,246.2046241097435,-1.0723167940803648,1.3904982618771726
35539.17252483067,249.13093858632678,248.24572721718596,-0.8852113691408192,1.3904982618771726
35476.47667399884,251.68018539976825,250.25831718887883,-1.4218682108894143,1.3904982618771726
35413.780823167006,253.765932792584,252.24287677630176,-1.5230560162822542,1.3904982618771726
35351.08497233518,255.6199304750869,254.19985274485686,-1.420077730230048,1.3904982618771726
35288.38912150335,257.7056778679027,256.12968855892416,-1.575989308978535,1.3904982618771726
35225.69327067152,259.5596755504056,258.03275012570344,-1.5269254247021422,1.3904982618771726
35162.99741983968,261.6454229432213,259.90942824589507,-1.7359946973262481,1.3904982618771726
35100.301569007854,263.96292004634995,261.7600897142525,-2.2028303320974487,1.3904982618771726
35037.605718176026,266.5121668597914,263.58507154264987,-2.92709531714155,1.3904982618771726
34974.90986734419,269.0614136732329,265.3846960494673,-3.676717623765569,1.3904982618771726
34912.214016512364,270.9154113557358,267.15923448110215,-3.7561768746336384,1.3904982618771726
34849.518165680536,272.305909617613,268.90900092368406,-3.3969086939289355,1.3904982618771726
34786.82231484871,273.69640787949015,270.63428177732874,-3.0621261021614146,1.3904982618771726
34724.126464016874,275.0869061413673,272.3352850620264,-2.7516210793409073,1.3904982618771726
34661.430613185046,276.4774044032445,274.01229902078245,-2.4651053824620703,1.3904982618771726
34598.73476235322,278.0996523754345,275.6655069802258,-2.434145395208702,1.3904982618771726
34536.038911521384,279.9536500579374,277.2951713759539,-2.6584786819835244,1.3904982618771726
34473.34306068955,281.8076477404403,278.90145628030007,-2.906191460140235,1.3904982618771726
34410.64720985772,284.12514484356893,280.4845590389917,-3.640585804577256,1.3904982618771726
34347.951359025894,285.9791425260718,282.04467619571756,-3.934466330354269,1.3904982618771726
34285.25550819406,287.8331402085747,283.58197329128944,-4.251166917285275,1.3904982618771726
34222.55965736223,289.45538818076477,285.096608229202,-4.358779951562781,1.3904982618771726
34159.863806530404,291.30938586326766,286.5887316357239,-4.7206542275437755,1.3904982618771726
34097.16795569858,292.9316338354577,288.0584871749605,-4.873146660497241,1.3904982618771726
34034.472104866734,295.01738122827345,289.5060118863417,-5.511369341931754,1.3904982618771726
33971.77625403491,297.3348783314021,290.93143648289686,-6.403441848505224,1.3904982618771726
33909.08040320308,299.6523754345307,292.33486444772814,-7.317510986802574,1.3904982618771726
33846.384552371244,301.96987253765934,293.71639926969954,-8.253473267959805,1.3904982618771726
33783.68870153942,304.287369640788,295.0761810005096,-9.211188640278351,1.3904982618771726
33720.99285070759,306.3731170336037,296.4142859005294,-9.958831133074284,1.3904982618771726
33658.29699987576,307.76361529548086,297.7307946488369,-10.032820646643984,1.3904982618771726
33595.60114904393,308.69061413673234,299.02582985103516,-9.66478428569718,1.3904982618771726
33532.9052982121,310.0811123986095,300.2994225597911,-9.781689838818409,1.3904982618771726
33470.20944738027,311.00811123986097,301.55169222994755,-9.456419009913418,1.3904982618771726
33407.51359654844,311.9351100811124,302.7826919992062,-9.152418081906205,1.3904982618771726
33344.8177457166,312.63035921205096,303.99246891933007,-8.637890292720897,1.3904982618771726
33282.121894884775,313.3256083429896,305.18112185795997,-8.144486485029631,1.3904982618771726
33219.42604405295,314.0208574739282,306.3486972870108,-7.672160186917381,1.3904982618771726
33156.73019322111,314.48435689455385,307.49520705171483,-6.989149842839026,1.3904982618771726
33094.034342389285,315.1796060254925,308.62074228589825,-6.558863739594244,1.3904982618771726
33031.33849155746,316.3383545770568,309.72534495600075,-6.613009621056051,1.3904982618771726
32968.64264072562,317.72885283893396,310.80905465042184,-6.919798188512118,1.3904982618771726
32905.94678989379,319.1193511008111,311.8719087080039,-7.247442392807216,1.3904982618771726
32843.25093906196,320.973348783314,312.9139424026273,-8.05940638068671,1.3904982618771726
32780.55508823013,322.59559675550406,313.93518908728686,-8.660407668217204,1.3904982618771726
32717.8592373983,324.9130938586327,314.9356803338475,-9.97741352478522,1.3904982618771726
32655.16338656647,326.9988412514484,315.9154461075008,-11.083395143947598,1.3904982618771726
32592.467535734642,329.31633835457706,316.87451487211547,-12.441823482461587,1.3904982618771726
32529.77168490281,331.4020857473928,317.8129137568387,-13.589171990554064,1.3904982618771726
32467.075834070984,333.25608342989574,318.730668680627,-14.525414749268748,1.3904982618771726
32404.379983239152,333.4878331402086,319.6278044689522,-13.860028671256373,1.3904982618771726
32341.684132407318,333.9513325608343,320.5043259378297,-13.447006623004597,1.3904982618771726
32278.988281575486,334.41483198146,321.3602439225247,-13.05458805893528,1.3904982618771726
32216.292430743655,334.87833140208573,322.19560601601313,-12.682725386072605,1.3904982618771726
32153.596579911828,335.11008111239863,323.0104540285392,-12.099627083859446,1.3904982618771726
32090.900729079996,335.8053302433372,323.80516941036643,-12.000160832970778,1.3904982618771726
32028.20487824817,336.5005793742758,324.58013880651293,-11.920440567762853,1.3904982618771726
31965.509027416338,337.19582850521437,325.33539765068633,-11.860430854528033,1.3904982618771726
31902.813176584506,337.89107763615294,326.07094246121676,-11.820135174936183,1.3904982618771726
31840.117325752675,338.8180764774044,326.7868276368699,-12.031248840534545,1.3904982618771726
31777.421474920844,339.74507531865584,327.48311639557653,-12.261958923079305,1.3904982618771726
31714.725624089013,341.3673232908459,328.15977574499436,-13.207547545851526,1.3904982618771726
31652.02977325718,343.2213209733488,328.8169275795937,-14.404393393755072,1.3904982618771726
31589.333922425354,344.84356894553883,329.45452512514487,-15.389043820393965,1.3904982618771726
31526.638071593523,346.00231749710315,330.0726833428194,-15.929634154283747,1.3904982618771726
31463.942220761695,346.92931633835457,330.67136792277904,-16.257948415575527,1.3904982618771726
31401.246369929864,349.2468134414832,331.25069025675424,-17.996123184728958,1.3904982618771726
31338.550519098033,350.86906141367325,331.8106076579492,-19.05845375572403,1.3904982618771726
31275.8546682662,351.33256083429893,332.35124606016996,-18.981314774128975,1.3904982618771726
31213.15881743437,351.5643105446118,332.8717954665613,-18.69251507805052,1.3904982618771726
31150.46296660254,352.02780996523757,333.3713609313377,-18.65644903389989,1.3904982618771726
31087.76711577071,352.2595596755504,333.85460077767937,-18.40495889787104,1.3904982618771726
31025.07126493888,352.954808806489,334.3214181039077,-18.633390702581266,1.3904982618771726
30962.37541410705,353.65005793742756,334.77183972663687,-18.878218210790692,1.3904982618771726
30899.679563275222,354.34530706836614,335.20579648285036,-19.13951058551578,1.3904982618771726
30836.983712443387,355.0405561993048,335.62331431394443,-19.41724188536034,1.3904982618771726
30774.28786161156,355.73580533024335,336.0243888414337,-19.711416488809675,1.3904982618771726
30711.592010779725,356.43105446118193,336.4089460973511,-20.022108363830853,1.3904982618771726
30648.896159947897,356.89455388180767,336.77701660428295,-20.11753727752472,1.3904982618771726
30586.200309116066,357.35805330243335,337.12858561737187,-20.22946768506148,1.3904982618771726
30523.504458284235,357.8215527230591,337.4635926942272,-20.357960028831883,1.3904982618771726
30460.808607452407,358.2850521436848,337.7820366234627,-20.503015520222107,1.3904982618771726
30398.112756620576,358.74855156431056,338.0839112574936,-20.664640306816977,1.3904982618771726
30335.41690578875,359.21205098493624,338.36918605124805,-20.84286493368819,1.3904982618771726
30272.721054956914,359.9073001158749,338.63779565171603,-21.269504464158842,1.3904982618771726
30210.025204125086,360.37079953650056,338.8897595385935,-21.481039997907033,1.3904982618771726
30147.32935329325,360.8342989571263,339.1250501675411,-21.709248789585217,1.3904982618771726
30084.633502461424,361.29779837775203,339.34363339446105,-21.95416498329098,1.3904982618771726
30021.937651629592,361.76129779837777,339.5454456735867,-22.21585212479107,1.3904982618771726
29959.24180079776,361.76129779837777,339.7304984650426,-22.030799333335153,1.3904982618771726
29896.545949965934,361.29779837775203,339.8987613664484,-21.39903701130362,1.3904982618771726
29833.850099134102,360.8342989571263,340.0502033828713,-20.78409557425499,1.3904982618771726
29771.154248302275,360.60254924681345,340.1847619851474,-20.417787261666035,1.3904982618771726
29708.45839747044,360.1390498261877,340.3024245242574,-19.836625301930326,1.3904982618771726
29645.762546638613,360.1390498261877,340.4031704662339,-19.7358793599538,1.3904982618771726
29583.066695806778,361.0660486674392,340.4869668112139,-20.579081856225287,1.3904982618771726
29520.37084497495,361.9930475086906,340.5537801817438,-21.439267326946833,1.3904982618771726
29457.67499414312,362.9200463499421,340.60353734028536,-22.316509009656727,1.3904982618771726
29394.979143311288,363.8470451911935,340.6362423674637,-23.210802823729807,1.3904982618771726
29332.28329247946,364.5422943221321,340.651862525792,-23.890431796340067,1.3904982618771726
29269.58744164763,365.0057937427578,340.6503633686185,-24.355430374139303,1.3904982618771726
29206.891590815798,365.46929316338355,340.63170909566736,-24.837584067716193,1.3904982618771726
29144.195739983967,365.7010428736964,340.5958261880141,-25.105216685682308,1.3904982618771726
29081.499889152135,366.16454229432213,340.5427196985503,-25.621822595771846,1.3904982618771726
29018.804038320304,366.62804171494787,340.47235491563515,-26.15568679931272,1.3904982618771726
28956.108187488477,366.8597914252607,340.3846972298809,-26.475094195379825,1.3904982618771726
28893.412336656645,367.5550405561993,340.279704367413,-27.275336188786298,1.3904982618771726
28830.716485824814,368.018539976825,340.1573138888759,-27.86122608794915,1.3904982618771726
28768.020634992987,368.9455388180765,340.0175270098688,-28.928011808207714,1.3904982618771726
28705.324784161156,369.6407879490151,339.86031000995973,-29.780477939055345,1.3904982618771726
28642.628933329324,370.33603707995366,339.68562956900576,-30.6504075109479,1.3904982618771726
28579.933082497493,371.03128621089223,339.4934225149064,-31.537863695985834,1.3904982618771726
28517.237231665662,371.49478563151797,339.2836685092443,-32.21111712227366,1.3904982618771726
28454.54138083383,371.9582850521437,339.05635290995946,-32.90193214218425,1.3904982618771726
28391.845530002,372.4217844727694,338.8114445932436,-33.61033987952578,1.3904982618771726
28329.149679170172,372.8852838933951,338.5488863159237,-34.336397577471416,1.3904982618771726
28266.45382833834,373.117033603708,338.26864802221087,-34.848385581497155,1.3904982618771726
28203.757977506513,373.5805330243337,337.9707267809282,-35.6098062434055,1.3904982618771726
28141.062126674682,374.5075318655852,337.6550948138991,-36.85243705168608,1.3904982618771726
28078.36627584285,375.20278099652376,337.3216776098994,-37.881103386624375,1.3904982618771726
28015.67042501102,376.1297798377752,336.9704839074392,-39.159295930335986,1.3904982618771726
27952.97457417919,377.05677867902665,336.60150083673653,-40.455277842290116,1.3904982618771726
27890.278723347357,377.7520278099652,336.2146732641013,-41.537354545863934,1.3904982618771726
27827.582872515526,378.21552723059096,335.8099758803411,-42.40555135024988,1.3904982618771726
27764.8870216837,377.2885283893395,335.3874217298015,-41.901106659538016,1.3904982618771726
27702.191170851867,375.89803012746233,334.9469555746771,-40.95107455278526,1.3904982618771726
27639.49532002004,374.9710312862109,334.48855859881326,-40.48247268739766,1.3904982618771726
27576.799469188205,373.5805330243337,334.01225111633386,-39.56828190799985,1.3904982618771726
27514.103618356377,372.6535341830823,333.51795572658216,-39.13557845650013,1.3904982618771726
27451.407767524546,371.7265353418308,333.0057060209015,-38.72082932092928,1.3904982618771726
27388.711916692715,371.7265353418308,332.4754798511191,-39.251055490711735,1.3904982618771726
27326.016065860884,371.9582850521437,331.9272385595169,-40.031046492626785,1.3904982618771726
27263.320215029053,372.4217844727694,331.3610279146185,-41.0607565581509,1.3904982618771726
27200.624364197225,372.6535341830823,330.7767624587161,-41.876771724366165,1.3904982618771726
27137.928513365394,372.8852838933951,330.1745270310243,-42.71075686237083,1.3904982618771726
27075.232662533566,372.8852838933951,329.55743931220667,-43.32784458118846,1.3904982618771726
27012.53681170173,372.19003476245655,328.9321647020367,-43.25787006041986,1.3904982618771726
26949.840960869904,371.2630359212051,328.294533444812,-42.9685024763931,1.3904982618771726
26887.14511003807,370.33603707995366,327.64474957649225,-42.69128750346141,1.3904982618771726
26824.44925920624,369.17728852838934,326.9829130844957,-42.19437544389365,1.3904982618771726
26761.75340837441,368.48203939745076,326.30919718636017,-42.1728422110906,1.3904982618771726
26699.05755754258,367.7867902665122,325.6237439605788,-42.16304630593339,1.3904982618771726
26636.36170671075,367.0915411355736,324.9266779865551,-42.164863149018515,1.3904982618771726
26573.66585587892,366.62804171494787,324.21817745844737,-42.4098642565005,1.3904982618771726
26510.970005047093,366.16454229432213,323.4983701460138,-42.666172148308306,1.3904982618771726
26448.274154215258,365.7010428736964,322.7673967440479,-42.93364612964848,1.3904982618771726
26385.57830338343,365.23754345307066,322.0254243997881,-43.21211905328255,1.3904982618771726
26322.882452551596,365.0057937427578,321.2725978177655,-43.733195924992344,1.3904982618771726
26260.186601719768,365.0057937427578,320.5090407434358,-44.49675299932204,1.3904982618771726
26197.490750887937,365.0057937427578,319.7349191373729,-45.270874605384904,1.3904982618771726
26134.794900056106,365.0057937427578,318.9503828283715,-46.0554109143863,1.3904982618771726
26072.099049224278,365.0057937427578,318.15557758628677,-46.85021615647105,1.3904982618771726
26009.403198392447,365.0057937427578,317.35064934446507,-47.65514439829275,1.3904982618771726
25946.707347560616,365.0057937427578,316.5357441802632,-48.47004956249464,1.3904982618771726
25884.011496728785,365.0057937427578,315.7110010933011,-49.294792649456724,1.3904982618771726
25821.315645896957,365.0057937427578,314.87657512137514,-50.12921862138268,1.3904982618771726
25758.619795065122,365.0057937427578,314.0326134342792,-50.97318030847862,1.3904982618771726
25695.923944233295,365.0057937427578,313.17926200198013,-51.82653174077768,1.3904982618771726
25633.228093401463,365.0057937427578,312.31666670156295,-52.689127041194865,1.3904982618771726
25570.532242569632,364.774044032445,311.4449732354866,-53.329070796958376,1.3904982618771726
25507.836391737805,363.8470451911935,310.56432711674125,-53.28271807445225,1.3904982618771726
25445.140540905973,362.6882966396292,309.6748655411124,-53.013431098516776,1.3904982618771726
25382.444690074142,361.52954808806487,308.77673842828585,-52.75280965977902,1.3904982618771726
25319.74883924231,360.60254924681345,307.8700916358184,-52.73245761099503,1.3904982618771726
25257.05298841048,359.675550405562,306.9550695271176,-52.72048087844439,1.3904982618771726
25194.35713757865,358.51680185399766,306.03181605810107,-52.48498579589659,1.3904982618771726
25131.66128674682,357.35805330243335,305.1004684578667,-52.25758484456662,1.3904982618771726
25068.96543591499,356.1993047508691,304.1611610056986,-52.03814374517049,1.3904982618771726
25006.26958508316,355.0405561993048,303.2140498019861,-51.82650639731867,1.3904982618771726
24943.57373425133,353.88180764774046,302.25927330607595,-51.622534341664505,1.3904982618771726
24880.8778834195,352.72305909617614,301.29695346588994,-51.4261056302862,1.3904982618771726
24818.18203258767,351.5643105446118,300.3272529149241,-51.23705762968774,1.3904982618771726
24755.486181755838,350.4055619930475,299.35029143227973,-51.05527056076778,1.3904982618771726
24692.790330924006,349.01506373117036,298.36621855658655,-50.64884517458381,1.3904982618771726
24630.094480092175,348.0880648899189,297.37516235673525,-50.71290253318364,1.3904982618771726
24567.398629260348,346.46581691772883,296.3772678018448,-50.08854911588401,1.3904982618771726
24504.702778428516,344.84356894553883,295.3726565822176,-49.47091236332125,1.3904982618771726
24442.006927596685,342.98957126303594,294.36147957393246,-48.628091689103485,1.3904982618771726
24379.311076764858,341.13557358053305,293.34385496408686,-47.79171861644619,1.3904982618771726
24316.615225933023,338.8180764774044,292.31992186575457,-46.49815461164985,1.3904982618771726
24253.919375101195,336.9640787949015,291.28981601195505,-45.67426278294647,1.3904982618771726
24191.223524269364,334.87833140208573,290.2536664042878,-44.624664997797936,1.3904982618771726
24128.527673437537,332.5608342989571,289.2115929502766,-43.34924134868049,1.3904982618771726
24065.8318226057,330.47508690614137,288.1637343287668,-42.31135257737458,1.3904982618771726
24003.135971773874,328.15758980301274,287.1102180886469,-41.04737171436585,1.3904982618771726
23940.440120942043,325.8400926998841,286.051170875625,-39.78892182425909,1.3904982618771726
23877.74427011021,323.5225955967555,284.98671871197786,-38.53587688477762,1.3904982618771726
23815.04841927838,321.2050984936269,283.9169869591483,-37.28811153447862,1.3904982618771726
23752.35256844655,319.351100811124,282.8421002867326,-36.50900052439141,1.3904982618771726
23689.656717614722,317.49710312862106,281.7621826556992,-35.734920472921885,1.3904982618771726
23626.96086678289,315.1796060254925,280.67735727499394,-34.50224875049855,1.3904982618771726
23564.26501595106,313.0938586326767,279.5877457721161,-33.50611286056062,1.3904982618771726
23501.56916511923,310.54461181923523,278.4934630830554,-32.05114873617981,1.3904982618771726
23438.873314287397,307.76361529548086,277.39463662238455,-30.368978673096308,1.3904982618771726
23376.17746345557,304.75086906141365,276.2913865240989,-28.459482537314727,1.3904982618771726
23313.48161262374,301.73812282734644,275.18382477339065,-26.55429805395579,1.3904982618771726
23250.785761791907,299.6523754345307,274.0720717083344,-25.58030372619629,1.3904982618771726
23188.089910960076,298.72537659327924,272.9562466959422,-25.769129897337052,1.3904982618771726
23125.39406012825,298.72537659327924,271.83645794879476,-26.888918644484477,1.3904982618771726
23062.698209296417,298.72537659327924,270.7128279924256,-28.01254860085362,1.3904982618771726
23000.002358464586,298.72537659327924,269.5854649647381,-29.139911628541142,1.3904982618771726
22937.306507632755,297.10312862108924,268.45448346278084,-28.648645158308398,1.3904982618771726
22874.610656800924,294.09038238702203,267.31999835057087,-26.770384036451162,1.3904982618771726
22811.914805969096,290.8458864426419,266.1821164488558,-24.663769993786104,1.3904982618771726
22749.21895513726,288.0648899188876,265.0409486995249,-23.02394121936271,1.3904982618771726
22686.523104305434,285.0521436848204,263.8966067751111,-21.155536909709326,1.3904982618771726
22623.827253473602,282.9663962920046,262.74919880242646,-20.217197489578155,1.3904982618771726
22561.131402641775,281.3441483198146,261.59883234502485,-19.745315974789776,1.3904982618771726
22498.435551809944,279.72190034762457,260.4456143963903,-19.276285951234286,1.3904982618771726
22435.739700978113,278.3314020857474,259.28965134850256,-19.041750737244854,1.3904982618771726
22373.04385014628,276.70915411355736,258.131048985667,-18.578105127890353,1.3904982618771726
22310.34799931445,275.7821552723059,256.9699124589848,-18.812242813321063,1.3904982618771726
22247.652148482623,274.85515643105447,255.8063462808165,-19.048810150237955,1.3904982618771726
22184.956297650788,273.928157589803,254.64045050795355,-19.287707081849447,1.3904982618771726
22122.26044681896,273.0011587485516,253.47233141350063,-19.52882733505095,1.3904982618771726
22059.56459598713,271.6106604866744,252.30209198173733,-19.308568504937085,1.3904982618771726
21996.8687451553,270.4519119351101,251.12982863080148,-19.32208330430862,1.3904982618771726
21934.172894323467,269.0614136732329,249.95564798194044,-19.105765691292447,1.3904982618771726
21871.47704349164,267.67091541135574,248.77964500708902,-18.89127040426672,1.3904982618771726
21808.781192659808,266.74391657010426,247.60192343641197,-19.141993133692296,1.3904982618771726
21746.085341827977,266.0486674391657,246.42257982566392,-19.626087613501767,1.3904982618771726
21683.38949099615,265.3534183082271,245.24171264359177,-20.111705664635338,1.3904982618771726
21620.693640164314,264.6581691772885,244.05942075516307,-20.598748422125453,1.3904982618771726
21557.997789332487,263.73117033603705,242.87580109588893,-20.85536924014812,1.3904982618771726
21495.301938500656,262.10892236384706,241.69095026440112,-20.417972099445933,1.3904982618771726
21432.606087668828,260.25492468134416,240.50496449659695,-19.74996018474721,1.3904982618771726
21369.910236836993,258.6326767091541,239.31793965376775,-19.31473705538636,1.3904982618771726
21307.214386005166,257.7056778679027,238.12997119930287,-19.57570666859982,1.3904982618771726
21244.518535173334,256.3151796060255,236.94115418939035,-19.374025416635135,1.3904982618771726
21181.822684341503,250.05793742757822,235.75158325258815,-14.306354174990076,1.3904982618771726
21119.126833509672,247.7404403244496,234.56135189192062,-13.179088432528971,1.3904982618771726
21056.43098267784,245.19119351100812,233.3705542900589,-11.820639220949232,1.3904982618771726
20993.735131846013,242.8736964078795,232.17928406821326,-10.69441233966623,1.3904982618771726
20931.039281014182,240.55619930475086,230.98763365346198,-9.568565651288878,1.3904982618771726
20868.343430182354,238.70220162224797,229.7956962997641,-8.906505322483866,1.3904982618771726
20805.64757935052,236.84820393974508,228.60356418368485,-8.244639756060224,1.3904982618771726
20742.951728518692,235.92120509849363,227.41132939780806,-8.50987570068557,1.3904982618771726
20680.25587768686,235.22595596755505,226.21908386774115,-9.006872099813904,1.3904982618771726
20617.56002685503,234.53070683661645,225.02691911705674,-9.50378771955971,1.3904982618771726
20554.8641760232,233.603707995365,223.83492647987686,-9.768781515488143,1.3904982618771726
20492.168325191367,232.21320973348784,222.64319707177629,-9.570012661711559,1.3904982618771726
20429.47247435954,230.82271147161066,221.45182176654345,-9.370889705067214,1.3904982618771726
20366.77662352771,229.8957126303592,220.26089117160217,-9.634821458757045,1.3904982618771726
20304.080772695877,228.96871378910777,219.07049560318148,-9.898218185926282,1.3904982618771726
20241.384921864046,228.04171494785632,217.880726108439,-10.160988839417314,1.3904982618771726
20178.68907103222,227.57821552723058,216.69167201938052,-10.886543507850064,1.3904982618771726
20115.993220200387,226.65121668597914,215.50342253380916,-11.147794152169979,1.3904982618771726
20053.297369368556,225.95596755504056,214.316094174027,-11.639873381013558,1.3904982618771726
19990.601518536725,225.49246813441482,213.13054446950213,-12.361923664912695,1.3904982618771726
19927.905667704894,224.79721900347624,211.94729070061842,-12.849928302857819,1.3904982618771726
19865.209816873066,223.63847045191193,210.7663930115116,-12.872077440400318,1.3904982618771726
19802.513966041235,221.78447276940904,209.5879118143014,-12.196560955107628,1.3904982618771726
19739.818115209404,219.69872537659327,208.41190705422366,-11.286818322369612,1.3904982618771726
19677.122264377573,218.07647740440325,207.2384390016094,-10.838038402793842,1.3904982618771726
19614.42641354574,216.91772885283893,206.0675683991554,-10.850160453683543,1.3904982618771726
19551.730562713914,215.9907300115875,204.89935534679847,-11.091374664789015,1.3904982618771726
19489.03471188208,214.83198146002317,203.7338600847979,-11.098121375225276,1.3904982618771726
19426.33886105025,212.2827346465817,202.57114589030525,-9.711588756276456,1.3904982618771726
19363.64301021842,209.50173812282733,201.41127280781765,-8.09046531500968,1.3904982618771726
19300.947159386593,206.720741599073,200.25430351850812,-6.4664380805648705,1.3904982618771726
19238.25130855476,204.63499420625723,199.1002979742579,-5.534696231999334,1.3904982618771726
19175.55545772293,203.7079953650058,197.9493206593071,-5.758674705698695,1.3904982618771726
19112.8596068911,202.78099652375434,196.80143298919452,-5.979563534559816,1.3904982618771726
19050.163756059268,201.8539976825029,195.65669657537242,-6.197301107130471,1.3904982618771726
18924.772054395606,197.68250289687137,193.37692733362695,-4.3055755632444175,1.3904982618771726
18862.076203563778,196.2920046349942,192.24202167692425,-4.049982958069961,1.3904982618771726
18799.380352731947,195.1332560834299,191.11051742386778,-4.022738659562123,1.3904982618771726
18736.68450190012,194.20625724217845,189.98247591510298,-4.223781327075471,1.3904982618771726
18673.988651068285,193.279258400927,188.85796440041258,-4.421294000514422,1.3904982618771726
18611.292800236457,192.1205098493627,187.73704095126325,-4.383468898099437,1.3904982618771726
18548.596949404626,190.7300115874855,186.6197694065975,-4.110242180888008,1.3904982618771726
18485.901098572795,189.5712630359212,185.50621463521333,-4.065048400707866,1.3904982618771726
18423.205247740967,188.4125144843569,184.39643660367298,-4.016077880683923,1.3904982618771726
18360.509396909132,187.2537659327926,183.29049772531238,-3.963268207480212,1.3904982618771726
18297.813546077305,186.32676709154114,182.1884598047804,-4.1383072867607495,1.3904982618771726
18235.117695245473,185.3997682502897,181.09038714853074,-4.309381101758959,1.3904982618771726
18172.421844413646,184.47276940903825,179.99633875267546,-4.476430656362794,1.3904982618771726
18109.72599358181,183.5457705677868,178.90637489382704,-4.639395673959768,1.3904982618771726
18047.030142749983,182.8505214368482,177.82056039986804,-5.029961036980154,1.3904982618771726
17984.334291918152,182.15527230590962,176.7389524481063,-5.41631985780333,1.3904982618771726
17921.63844108632,181.22827346465817,175.66164935758596,-5.566624107072215,1.3904982618771726
17858.94259025449,179.837775202781,174.5888116609036,-5.248963541877401,1.3904982618771726
17796.24673942266,178.44727694090383,173.5206014919239,-4.926675448979921,1.3904982618771726
17733.55088859083,177.5202780996524,172.45717463803578,-5.063103461616606,1.3904982618771726
17670.855037759,176.36152954808807,171.39868056166037,-4.9628489864277014,1.3904982618771726
17608.159186927172,175.20278099652376,170.34526230436245,-4.857518692161307,1.3904982618771726
17545.463336095338,174.2757821552723,169.29705926867658,-4.978722886595733,1.3904982618771726
17482.76748526351,173.34878331402086,168.2542048009413,-5.094578513079568,1.3904982618771726
17420.07163443168,172.42178447276942,167.21682515693843,-5.20495931583099,1.3904982618771726
17357.375783599848,172.19003476245655,166.18503992195105,-6.004994840505503,1.3904982618771726
17294.679932768016,172.19003476245655,165.1589650705456,-7.031069691910943,1.3904982618771726
17231.984081936185,171.95828505214368,164.13871005012712,-7.819575002016563,1.3904982618771726
17169.288231104358,170.79953650057936,163.1243777454826,-7.67515875509676,1.3904982618771726
17106.592380272526,168.94553881807647,162.1160644667064,-6.829474351370067,1.3904982618771726
17043.896529440695,167.32329084588645,161.1138606098714,-6.209430236015038,1.3904982618771726
16981.200678608864,166.396292004635,160.1178565399421,-6.278435464692905,1.3904982618771726
16918.504827777037,165.93279258400926,159.128126311743,-6.8046662722662745,1.3904982618771726
16855.808976945205,165.23754345307069,158.14474619613947,-7.09279725693122,1.3904982618771726
16793.113126113374,161.29779837775203,157.1677864377906,-4.130011939961435,1.3904982618771726
16730.417275281543,161.06604866743916,156.19730727478085,-4.868741392658308,1.3904982618771726
16667.72142444971,160.13904982618772,155.2333658409406,-4.905683985247123,1.3904982618771726
16605.025573617884,159.44380069524914,154.2760167957653,-5.167783899483851,1.3904982618771726
16542.329722786053,158.5168018539977,153.32530349333413,-5.191498360663559,1.3904982618771726
16479.633871954222,157.35805330243338,152.3812662274845,-4.976787074948874,1.3904982618771726
16416.93802112239,156.19930475086906,151.44394386972945,-4.755360881139609,1.3904982618771726
16354.242170290561,155.27230590961761,150.5133653636543,-4.758940545963327,1.3904982618771726
16291.546319458732,154.34530706836617,149.58955584237918,-4.755751225986984,1.3904982618771726
16228.850468626903,153.18655851680185,148.67253669427808,-4.514021822523773,1.3904982618771726
16166.15461779507,151.56431054461183,147.76232374333358,-3.8019868012782467,1.3904982618771726
16103.45876696324,149.94206257242178,146.8589273969477,-3.0831351754740695,1.3904982618771726
16040.762916131409,148.78331402085746,145.9623568335152,-2.820957187342259,1.3904982618771726
15978.06706529958,148.08806488991888,145.07261193380253,-3.0154529561163486,1.3904982618771726
15915.371214467747,147.16106604866744,144.18969274393962,-2.9713733047278197,1.3904982618771726
15852.675363635917,145.30706836616454,143.31359110955245,-1.9934772566120955,1.3904982618771726
15789.979512804088,143.91657010428736,142.44429807733994,-1.4722720269474223,1.3904982618771726
15727.283661972258,142.5260718424102,141.58180004659104,-0.9442717958191622,1.3904982618771726
15664.587811140425,140.6720741599073,140.72607895647874,0.054004796571433644,1.3904982618771726
15601.891960308596,139.28157589803013,139.87711247979175,0.5955365817616212,1.3904982618771726
15539.196109476767,137.89107763615294,139.03487866857972,1.1438010324267793,1.3904982618771726
15476.500258644935,136.73232908458866,138.19934626578996,1.4670171812012995,1.3904982618771726
15413.804407813106,136.03707995365005,137.37048833275722,1.3334083791071691,1.3904982618771726
15351.108556981273,135.1100811123986,136.54826787122832,1.4381867588297155,1.3904982618771726
15288.412706149444,133.9513325608343,135.732648746109,1.7813161852747044,1.3904982618771726
15225.716855317614,133.02433371958284,134.9235914428296,1.8992577232467625,1.3904982618771726
15163.021004485785,131.6338354577057,134.12105425732483,2.487218799619143,1.3904982618771726
15100.325153653952,130.70683661645424,133.32499469048815,2.6181580740339143,1.3904982618771726
15037.629302822123,129.7798377752028,132.53536280424694,2.7555250290441506,1.3904982618771726
14974.933451990293,129.31633835457706,131.75211315752279,2.43577480294573,1.3904982618771726
14912.237601158462,128.3893395133256,130.97519431452767,2.5858548012020606,1.3904982618771726
14849.541750326629,127.46234067207416,130.2045535711363,2.742212899062139,1.3904982618771726
14786.8458994948,126.53534183082272,129.44013714042933,2.9047953096066124,1.3904982618771726
14724.15004866297,125.84009269988412,128.68189048739416,2.841797787510032,1.3904982618771726
14661.45419783114,125.14484356894553,127.92975742696302,2.7849138580174895,1.3904982618771726
14598.758346999311,124.44959443800695,127.18367806866932,2.7340836306623686,1.3904982618771726
14536.062496167478,123.75434530706836,126.44359545810194,2.6892501510335762,1.3904982618771726
14473.366645335649,123.29084588644264,125.70944943906007,2.4186035526174265,1.3904982618771726
14410.67079450382,123.05909617612978,124.98117855373116,1.9220823776013702,1.3904982618771726
14347.974943671989,122.59559675550406,124.2587213780064,1.6631246225023375,1.3904982618771726
14285.279092840155,121.90034762456547,123.54201696266244,1.6416693380969747,1.3904982618771726
14222.583242008326,120.97334878331402,122.83100228076465,1.8576534974506274,1.3904982618771726
14159.887391176497,120.04634994206258,122.12561370830778,2.079263766245205,1.3904982618771726
14097.191540344667,119.11935110081113,121.42578832830887,2.3064372274977387,1.3904982618771726
14034.495689512834,118.6558516801854,120.73146410723527,2.0756124270498617,1.3904982618771726
13971.799838681005,117.72885283893395,120.04257612698139,2.3137232880474414,1.3904982618771726
13909.103987849176,116.33835457705678,119.35906148474962,3.0207069076928406,1.3904982618771726
13846.408137017344,115.41135573580533,118.68085741924824,3.269501683442911,1.3904982618771726
13783.712286185515,114.48435689455388,118.00789878881783,3.5235418942639427,1.3904982618771726
13721.016435353682,113.55735805330244,117.34012505365692,3.7827670003544824,1.3904982618771726
13658.320584521853,112.63035921205099,116.67747161983995,4.047112407788958,1.3904982618771726
13595.624733690023,111.70336037079953,116.01987686258079,4.3165164917812575,1.3904982618771726
13532.928882858194,111.2398609501738,115.36727905917378,4.127418108999976,1.3904982618771726
13470.23303202636,110.31286210892236,114.71961649740004,4.40675438847768,1.3904982618771726
13407.537181194532,109.38586326767091,114.07682776127879,4.690964493607879,1.3904982618771726
13344.841330362702,108.92236384704519,113.43885454330173,4.51649069625654,1.3904982618771726
13282.145479530871,108.2271147161066,112.80563504588731,4.578520329780716,1.3904982618771726
13219.449628699038,107.76361529548088,112.17711094467239,4.413495649191518,1.3904982618771726
13156.753777867209,107.30011587485515,111.55322430705283,4.253108432197678,1.3904982618771726
13094.05792703538,106.60486674391657,110.93391748807056,4.329050744153989,1.3904982618771726
13031.36207620355,105.44611819235226,110.31913320356279,4.873015011210526,1.3904982618771726
12968.66622537172,104.51911935110081,109.70881564635548,5.189696295254663,1.3904982618771726
